Дата торгов,BR,SBER,SNGS,Si
2015-06-01,65.1,73.5,32.185,53358.0
2015-06-02,65.16,73.29,31.925,53527.0
2015-06-03,64.66,72.74,31.685,53795.0
2015-06-04,63.34,71.34,31.77,55353.0
2015-06-05,61.94,70.92,31.745,56478.0
2015-06-08,62.85,69.91,31.775,56251.0
2015-06-09,63.8,69.38,31.67,55987.0
2015-06-10,65.59,71.32,31.72,54601.0
2015-06-11,65.23,71.31,31.43,54661.0
2015-06-15,64.03,71.26,32.035,55073.0
2015-06-16,62.59,72.32,33.13,55701.0
2015-06-17,64.37,73.61,33.63,55628.0
2015-06-18,63.89,73.53,33.255,55057.0
2015-06-19,63.56,72.25,33.615,55568.0
2015-06-22,62.91,72.06,34.515,55273.0
2015-06-23,63.42,71.96,34.195,55785.0
2015-06-24,64.49,71.93,33.9,55681.0
2015-06-25,63.38,71.81,33.825,56124.0
2015-06-26,62.99,70.72,33.46,56497.0
2015-06-29,62.38,69.94,33.075,56821.0
2015-06-30,62.55,71.44,33.01,57145.0
2015-07-01,62.94,71.87,33.035,56845.0
2015-07-02,62.45,70.64,33.01,57033.0
2015-07-03,61.6,70.51,32.76,57071.0
2015-07-06,59.03,69.39,32.52,57767.0
2015-07-07,56.67,68.89,32.245,58638.0
2015-07-08,56.9,67.4,31.22,58436.0
2015-07-09,57.96,68.52,31.135,58266.0
2015-07-10,58.76,70.61,31.12,57856.0
2015-07-13,57.98,72.19,31.655,57830.0
2015-07-14,57.51,73.0,31.305,57934.0
2015-07-15,58.05,73.54,31.74,57854.0
2015-07-16,57.55,74.0,32.655,57934.0
2015-07-17,57.63,74.69,33.145,58012.0
2015-07-20,56.9,74.7,32.375,57990.0
2015-07-21,56.83,74.74,32.145,57980.0
2015-07-22,56.63,75.22,31.945,58129.0
2015-07-23,56.23,73.59,31.735,58492.0
2015-07-24,55.14,71.54,31.555,59240.0
2015-07-27,54.12,68.64,31.215,60199.0
2015-07-28,53.04,69.37,32.04,61162.0
2015-07-29,53.37,70.55,32.245,60551.0
2015-07-30,53.82,72.05,32.76,60192.0
2015-07-31,53.01,71.39,33.635,61429.0
2015-08-03,51.27,71.04,34.05,63289.0
2015-08-04,50.01,71.83,34.045,63800.0
2015-08-05,50.34,73.35,33.98,63685.0
2015-08-06,49.4,72.91,34.025,64792.0
2015-08-07,49.24,73.71,34.015,64970.0
2015-08-10,49.09,74.45,34.13,64681.0
2015-08-11,49.91,74.38,34.895,64328.0
2015-08-12,49.36,73.38,34.335,65338.0
2015-08-13,49.61,73.78,34.795,65069.0
2015-08-14,49.07,74.24,35.07,65370.0
2015-08-17,48.93,73.41,35.41,65973.0
2015-08-18,48.63,72.66,35.185,66282.0
2015-08-19,48.37,72.35,34.46,66381.0
2015-08-20,46.9,71.7,33.97,67608.0
2015-08-21,46.2,70.69,33.575,68668.0
2015-08-24,43.86,68.07,31.92,71231.0
2015-08-25,43.66,70.25,32.715,70070.0
2015-08-26,43.3,70.46,33.22,69882.0
2015-08-27,44.72,72.83,33.835,67692.0
2015-08-28,47.62,74.17,34.34,66807.0
2015-08-31,49.57,73.84,34.645,66913.0
2015-09-01,52.38,73.55,33.935,65472.0
2015-09-02,49.45,73.14,33.86,67317.0
2015-09-03,50.41,73.84,33.945,67259.0
2015-09-04,50.42,73.84,33.93,67639.0
2015-09-07,49.09,73.7,34.075,68566.0
2015-09-08,48.53,74.75,34.505,68696.0
2015-09-09,49.25,75.08,34.745,67968.0
2015-09-10,47.96,74.17,34.67,68262.0
2015-09-11,48.07,74.01,35.21,67990.0
2015-09-14,47.74,74.76,35.435,67662.0
2015-09-15,46.54,74.64,35.16,67135.0
2015-09-16,46.52,76.58,35.18,67595.0
2015-09-17,49.39,76.92,35.205,67477.0
2015-09-18,48.86,76.14,34.625,67463.0
2015-09-21,48.12,76.13,34.19,67918.0
2015-09-22,48.22,74.67,33.75,68120.0
2015-09-23,49.25,74.22,33.53,67667.0
2015-09-24,48.05,73.43,32.795,68195.0
2015-09-25,48.37,74.37,33.37,67314.0
2015-09-28,48.06,74.89,33.285,67212.0
2015-09-29,47.9,74.73,33.16,67496.0
2015-09-30,48.34,75.87,33.51,67116.0
2015-10-01,48.92,75.27,33.585,66796.0
2015-10-02,47.73,73.89,33.32,67718.0
2015-10-05,48.6,75.33,34.57,66713.0
2015-10-06,50.11,76.56,35.235,65858.0
2015-10-07,52.26,78.21,35.165,63788.0
2015-10-08,51.9,80.81,35.01,63633.0
2015-10-09,53.21,84.67,35.95,62517.0
2015-10-12,52.54,85.06,35.77,62442.0
2015-10-13,50.26,84.88,35.255,63731.0
2015-10-14,49.27,85.68,35.55,64157.0
2015-10-15,48.92,88.25,35.73,63413.0
2015-10-16,48.65,89.09,35.69,62619.0
2015-10-19,49.68,87.07,35.765,62877.0
2015-10-20,48.76,87.82,35.95,63133.0
2015-10-21,48.26,86.77,35.93,63745.0
2015-10-22,48.26,86.78,35.93,63676.0
2015-10-23,48.09,89.17,35.985,63024.0
2015-10-26,47.95,91.52,35.42,63441.0
2015-10-27,47.12,90.05,34.985,64964.0
2015-10-28,47.71,88.6,35.345,65406.0
2015-10-29,48.78,89.7,35.31,65045.0
2015-10-30,48.9,89.81,35.405,64967.0
2015-11-02,49.27,92.24,35.58,64823.0
2015-11-03,49.12,94.73,35.84,64233.0
2015-11-05,49.19,95.54,36.05,63951.0
2015-11-06,48.16,94.52,35.775,64665.0
2015-11-09,47.73,93.64,35.435,65195.0
2015-11-10,47.35,93.06,35.19,65083.0
2015-11-11,47.23,93.81,34.965,65233.0
2015-11-12,45.65,93.68,34.95,66364.0
2015-11-13,44.39,93.66,35.12,67158.0
2015-11-16,43.65,94.57,35.11,66904.0
2015-11-17,44.31,99.58,35.05,66146.0
2015-11-18,44.18,103.4,35.41,65385.0
2015-11-19,44.1,105.94,35.62,65398.0
2015-11-20,44.32,105.28,35.125,65257.0
2015-11-23,44.7,108.36,36.02,65927.0
2015-11-24,45.59,107.37,35.5,66291.0
2015-11-25,45.66,107.15,35.765,66056.0
2015-11-26,45.73,107.48,35.985,66071.0
2015-11-27,45.23,104.76,35.02,66485.0
2015-11-30,45.19,104.5,34.28,66625.0
2015-12-01,44.7,102.06,33.69,66706.0
2015-12-02,44.08,102.23,34.15,67175.0
2015-12-03,43.17,103.21,34.68,67937.0
2015-12-04,43.81,103.99,34.78,67954.0
2015-12-07,42.61,103.66,34.43,68881.0
2015-12-08,40.75,99.73,34.2,69589.0
2015-12-09,40.78,99.02,34.325,69371.0
2015-12-10,40.18,100.7,34.405,69216.0
2015-12-11,39.33,99.32,34.07,69618.0
2015-12-14,37.41,97.41,33.705,70573.0
2015-12-15,38.08,99.82,34.33,70667.0
2015-12-16,38.19,101.44,34.615,72032.0
2015-12-17,37.19,104.07,34.98,72422.0
2015-12-18,37.04,100.4,34.49,72882.0
2015-12-21,36.58,99.22,34.2,72869.0
2015-12-22,36.4,99.8,34.11,72852.0
2015-12-23,36.7,101.82,34.125,72369.0
2015-12-24,37.43,101.88,34.08,71604.0
2015-12-25,37.86,101.52,33.935,71891.0
2015-12-28,37.1,100.13,33.685,73211.0
2015-12-29,37.09,101.02,34.205,73984.0
2015-12-30,37.22,101.18,34.165,74306.0
2016-01-04,37.79,99.06,34.045,74429.0
2016-01-05,37.0,98.26,34.175,74625.0
2016-01-06,35.55,97.92,34.01,75473.0
2016-01-11,33.27,92.75,33.295,76854.0
2016-01-12,31.54,91.18,33.755,77640.0
2016-01-13,31.19,92.92,34.215,77749.0
2016-01-14,30.52,91.62,33.935,77818.0
2016-01-15,30.96,89.47,33.14,78374.0
2016-01-18,28.86,86.86,32.935,79890.0
2016-01-19,29.37,88.16,34.405,79748.0
2016-01-20,28.33,83.56,33.39,81377.0
2016-01-21,27.74,85.5,34.145,84822.0
2016-01-22,30.23,89.7,35.13,81490.0
2016-01-25,31.43,91.54,35.335,79923.0
2016-01-26,30.58,90.38,35.21,81184.0
2016-01-27,31.65,94.45,35.675,79561.0
2016-01-28,33.6,96.16,36.35,77752.0
2016-01-29,34.28,97.06,37.195,76634.0
2016-02-01,34.48,96.35,36.725,77036.0
2016-02-02,33.38,95.08,37.045,79605.0
2016-02-03,33.26,95.58,36.88,79614.0
2016-02-04,34.9,97.58,37.67,77560.0
2016-02-05,34.53,97.2,37.92,77768.0
2016-02-08,33.84,95.73,37.125,77989.0
2016-02-09,33.09,94.27,36.72,79362.0
2016-02-10,31.03,94.8,36.37,79682.0
2016-02-11,30.66,94.31,35.94,80201.0
2016-02-12,31.06,94.86,37.25,80208.0
2016-02-15,33.15,95.86,37.565,78323.0
2016-02-16,33.97,96.42,37.88,77714.0
2016-02-17,32.83,97.87,37.955,77630.0
2016-02-18,34.84,101.32,38.16,75850.0
2016-02-19,33.91,102.08,38.39,77127.0
2016-02-20,33.07,102.12,38.35,77554.0
2016-02-22,34.24,103.45,39.135,76350.0
2016-02-24,33.22,101.71,38.76,77174.0
2016-02-25,34.01,103.35,38.725,76594.0
2016-02-26,35.56,106.14,39.07,75516.0
2016-02-29,35.55,106.32,39.32,76195.0
2016-03-01,36.02,107.76,39.545,74433.0
2016-03-02,36.66,107.37,39.07,74017.0
2016-03-03,36.79,106.64,39.505,73864.0
2016-03-04,37.24,107.93,39.765,73166.0
2016-03-07,38.93,109.48,40.15,72050.0
2016-03-09,40.37,108.16,40.53,71940.0
2016-03-10,40.62,109.06,40.645,70901.0
2016-03-11,40.46,109.35,40.52,70343.0
2016-03-14,39.62,109.04,40.26,70385.0
2016-03-15,38.9,108.09,39.78,70442.0
2016-03-16,39.37,106.78,39.49,72561.0
2016-03-17,40.73,108.85,40.2,70438.0
2016-03-18,41.83,111.29,39.61,69574.0
2016-03-21,41.25,111.56,38.545,69843.0
2016-03-22,41.44,112.36,39.04,69354.0
2016-03-23,41.26,110.08,39.225,69316.0
2016-03-24,39.98,108.01,38.815,70684.0
2016-03-25,40.34,109.11,38.89,69959.0
2016-03-28,40.33,108.65,38.525,69575.0
2016-03-29,39.48,106.56,38.325,70262.0
2016-03-30,39.75,108.66,39.045,69073.0
2016-03-31,39.35,109.04,39.25,68811.0
2016-04-01,39.61,108.18,39.37,69010.0
2016-04-04,38.58,108.65,39.69,69603.0
2016-04-05,37.64,106.76,38.965,70324.0
2016-04-06,38.67,107.63,38.67,69948.0
2016-04-07,39.55,108.49,38.065,69207.0
2016-04-08,40.56,111.06,37.435,68613.0
2016-04-11,42.07,115.8,37.545,68046.0
2016-04-12,43.41,117.5,37.245,67400.0
2016-04-13,44.31,118.73,37.81,66759.0
2016-04-14,44.15,118.76,37.26,67328.0
2016-04-15,43.26,119.05,36.87,67324.0
2016-04-18,41.84,117.11,35.935,68569.0
2016-04-19,43.54,121.37,36.065,66715.0
2016-04-20,43.62,121.95,35.46,66879.0
2016-04-21,45.42,121.65,35.84,66416.0
2016-04-22,45.05,119.92,36.125,67113.0
2016-04-25,45.08,120.41,36.17,67295.0
2016-04-26,44.97,118.4,35.93,67232.0
2016-04-27,46.28,121.06,35.835,66272.0
2016-04-28,47.1,122.53,35.645,65783.0
2016-04-29,48.09,124.11,34.67,65137.0
2016-05-04,46.9,120.56,33.305,66760.0
2016-05-05,45.68,121.33,33.79,66607.0
2016-05-06,45.0,119.63,33.08,66768.0
2016-05-10,44.67,119.74,32.86,66944.0
2016-05-11,45.84,122.0,33.68,66405.0
2016-05-12,47.57,122.65,33.96,65555.0
2016-05-13,47.64,120.89,33.24,65737.0
2016-05-16,48.65,122.72,33.68,65487.0
2016-05-17,49.03,121.89,33.15,65257.0
2016-05-18,49.27,122.73,33.935,65694.0
2016-05-19,48.17,121.37,33.875,66920.0
2016-05-20,48.7,121.67,33.635,67146.0
2016-05-23,48.25,121.02,33.365,67445.0
2016-05-24,48.38,122.77,33.315,67244.0
2016-05-25,49.17,126.9,33.7,66238.0
2016-05-26,49.86,130.52,33.63,65757.0
2016-05-27,49.16,132.96,33.49,66341.0
2016-05-30,49.25,133.84,33.72,66318.0
2016-05-31,49.6,134.46,33.97,66247.0
2016-06-01,49.78,132.19,33.775,67114.0
2016-06-02,49.56,131.6,33.125,67421.0
2016-06-03,49.91,132.46,33.085,66711.0
2016-06-06,50.21,133.81,33.735,65739.0
2016-06-07,50.78,137.72,33.905,65273.0
2016-06-08,51.91,139.64,34.025,64274.0
2016-06-09,52.13,138.95,33.635,64138.0
2016-06-10,51.34,135.53,33.05,64670.0
2016-06-14,49.98,128.43,33.725,65858.0
2016-06-15,49.28,129.09,33.75,65903.0
2016-06-16,48.19,126.88,33.675,67391.0
2016-06-17,47.96,129.74,33.955,66820.0
2016-06-20,49.79,132.63,33.72,65680.0
2016-06-21,49.98,131.83,34.015,65692.0
2016-06-22,50.63,134.67,33.6,65535.0
2016-06-23,50.19,136.77,33.13,65847.0
2016-06-24,48.9,131.74,33.22,66667.0
2016-06-27,48.03,129.6,33.185,66577.0
2016-06-28,47.82,128.17,32.965,66205.0
2016-06-29,48.95,132.15,33.05,65449.0
2016-06-30,50.0,132.97,33.09,65417.0
2016-07-01,49.71,133.0,33.09,65253.0
2016-07-04,50.27,134.8,33.04,65021.0
2016-07-05,48.77,132.33,32.835,65566.0
2016-07-06,47.69,129.51,32.32,65830.0
2016-07-07,48.8,131.85,32.185,65169.0
2016-07-08,46.72,132.55,31.745,65289.0
2016-07-11,46.54,136.51,32.085,65208.0
2016-07-12,47.08,139.22,32.33,64964.0
2016-07-13,47.53,139.33,32.285,64918.0
2016-07-14,46.76,139.34,32.57,64350.0
2016-07-15,47.4,138.35,32.66,64181.0
2016-07-18,47.21,139.08,32.575,64082.0
2016-07-19,46.95,139.69,32.105,64013.0
2016-07-20,46.65,138.6,31.595,64417.0
2016-07-21,47.07,138.8,31.825,64776.0
2016-07-22,46.03,138.18,32.11,65457.0
2016-07-25,45.27,136.53,31.955,65836.0
2016-07-26,44.58,134.75,31.735,66857.0
2016-07-27,44.42,136.53,31.745,66846.0
2016-07-28,43.33,136.27,31.825,67200.0
2016-07-29,42.29,137.95,31.58,67531.0
2016-08-01,42.34,139.23,30.96,67000.0
2016-08-02,42.45,136.44,30.43,67344.0
2016-08-03,42.16,135.26,30.175,67436.0
2016-08-04,42.98,136.95,30.5,67035.0
2016-08-05,43.98,138.23,30.595,66110.0
2016-08-08,44.81,139.21,30.54,65622.0
2016-08-09,45.33,139.18,30.675,65379.0
2016-08-10,44.87,138.98,30.63,65191.0
2016-08-11,44.42,138.83,30.295,65359.0
2016-08-12,46.16,140.12,30.605,65099.0
2016-08-15,47.36,139.73,30.555,64787.0
2016-08-16,48.44,139.43,30.655,64404.0
2016-08-17,49.18,138.2,30.555,64511.0
2016-08-18,49.97,137.96,30.53,64246.0
2016-08-19,50.69,136.15,30.425,64320.0
2016-08-22,49.74,136.04,30.415,64808.0
2016-08-23,49.12,138.94,30.48,65012.0
2016-08-24,49.4,139.48,30.235,65213.0
2016-08-25,49.13,140.9,29.7,65209.0
2016-08-26,49.74,144.23,29.93,64894.0
2016-08-29,49.38,143.17,30.48,65259.0
2016-08-30,49.13,144.3,30.53,65307.0
2016-08-31,47.95,143.2,31.0,65528.0
2016-09-01,47.02,144.25,31.185,65722.0
2016-09-02,46.14,145.65,31.225,65629.0
2016-09-05,47.92,148.95,31.16,64987.0
2016-09-06,47.02,150.16,31.16,64933.0
2016-09-07,47.41,153.76,31.1,64547.0
2016-09-08,48.72,154.1,31.395,64038.0
2016-09-09,49.23,151.93,31.445,64471.0
2016-09-12,47.78,150.29,31.105,65022.0
2016-09-13,47.63,150.24,31.345,64887.0
2016-09-14,46.83,150.43,31.33,65113.0
2016-09-15,46.2,149.1,31.37,65152.0
2016-09-16,46.07,148.42,30.995,66440.0
2016-09-19,46.28,149.0,30.53,66109.0
2016-09-20,45.73,148.13,30.415,66185.0
2016-09-21,46.43,150.84,30.965,65780.0
2016-09-22,47.29,153.07,30.92,65144.0
2016-09-23,47.63,151.68,30.79,64960.0
2016-09-26,46.46,150.13,30.61,65207.0
2016-09-27,46.54,148.19,30.23,65091.0
2016-09-28,46.3,148.15,30.395,65142.0
2016-09-29,48.11,149.59,30.47,64444.0
2016-09-30,48.95,145.7,30.69,64350.0
2016-10-03,49.05,147.71,30.26,63560.0
2016-10-04,50.84,147.69,29.59,63542.0
2016-10-05,51.58,147.44,29.08,63552.0
2016-10-06,52.01,148.74,29.285,63346.0
2016-10-07,52.41,149.3,29.495,63212.0
2016-10-10,52.42,150.12,29.415,63223.0
2016-10-11,52.84,151.61,29.285,63397.0
2016-10-12,52.27,150.01,29.09,63715.0
2016-10-13,51.67,146.88,29.08,64257.0
2016-10-14,52.05,147.07,28.92,63914.0
2016-10-17,51.69,146.28,28.56,63907.0
2016-10-18,51.69,147.78,28.165,63835.0
2016-10-19,52.42,148.67,27.65,63377.0
2016-10-20,51.96,148.32,27.465,63255.0
2016-10-21,51.52,148.17,27.56,63253.0
2016-10-24,51.55,149.75,27.24,63062.0
2016-10-25,51.21,151.16,27.305,62903.0
2016-10-26,50.29,150.6,27.35,63324.0
2016-10-27,50.28,150.55,27.185,63674.0
2016-10-28,50.34,149.14,27.155,63654.0
2016-10-31,49.29,147.92,27.105,63915.0
2016-11-01,48.22,147.19,27.31,63865.0
2016-11-02,47.55,143.6,28.49,64159.0
2016-11-03,46.98,142.63,28.835,64275.0
2016-11-07,46.11,143.82,28.525,64409.0
2016-11-08,46.06,145.27,28.57,64336.0
2016-11-09,45.94,148.27,29.015,64209.0
2016-11-10,46.37,153.84,29.66,64493.0
2016-11-11,45.47,152.4,29.72,66061.0
2016-11-14,44.49,150.72,29.635,66628.0
2016-11-15,45.1,150.46,29.675,65857.0
2016-11-16,46.69,150.63,29.615,65373.0
2016-11-17,46.99,149.95,29.5,65068.0
2016-11-18,46.44,150.27,29.52,65277.0
2016-11-21,47.45,152.45,29.565,64631.0
2016-11-22,49.14,154.82,29.36,64138.0
2016-11-23,48.97,155.01,29.285,64660.0
2016-11-24,49.02,158.59,29.15,64804.0
2016-11-25,48.45,160.81,29.015,64854.0
2016-11-28,47.44,159.58,29.15,65177.0
2016-11-29,47.36,158.61,29.645,65356.0
2016-11-30,48.56,158.84,29.82,64873.0
2016-12-01,50.14,158.92,30.16,64116.0
2016-12-02,53.75,158.58,29.885,64251.0
2016-12-05,54.7,161.37,29.915,63897.0
2016-12-06,54.29,161.18,30.45,63937.0
2016-12-07,53.67,159.92,30.385,63897.0
2016-12-08,53.35,165.24,30.525,63501.0
2016-12-09,53.89,169.2,30.85,63166.0
2016-12-12,56.23,175.54,30.44,61550.0
2016-12-13,55.83,174.88,30.455,60989.0
2016-12-14,55.26,174.09,30.505,60925.0
2016-12-15,54.11,173.08,30.585,61659.0
2016-12-16,54.23,174.87,30.935,62775.0
2016-12-19,55.19,174.68,31.115,63079.0
2016-12-20,55.28,175.28,31.04,62745.0
2016-12-21,55.47,177.89,30.64,62143.0
2016-12-22,54.61,171.96,29.915,61956.0
2016-12-23,54.76,170.25,30.095,62073.0
2016-12-26,55.09,172.37,29.92,61925.0
2016-12-27,55.34,171.94,29.925,61769.0
2016-12-28,56.21,171.9,30.165,61556.0
2016-12-29,56.36,169.69,30.54,61333.0
2016-12-30,56.2,171.85,30.93,61948.0
2017-01-03,57.66,178.25,31.56,61675.0
2017-01-04,55.89,176.5,31.67,61713.0
2017-01-05,56.49,174.13,31.395,60759.0
2017-01-06,56.8,171.28,31.585,60322.0
2017-01-09,56.4,169.9,31.35,60639.0
2017-01-10,55.09,171.03,31.245,60783.0
2017-01-11,54.1,170.79,31.255,61089.0
2017-01-12,55.62,169.36,31.24,60312.0
2017-01-13,55.82,166.36,31.225,60196.0
2017-01-16,55.47,165.49,31.395,60447.0
2017-01-17,56.3,164.98,31.195,60058.0
2017-01-18,55.07,165.99,31.185,59996.0
2017-01-19,54.47,165.67,31.205,60455.0
2017-01-20,54.76,166.94,31.625,60497.0
2017-01-23,55.18,165.89,31.305,60232.0
2017-01-24,55.46,169.28,31.28,59971.0
2017-01-25,55.18,170.29,31.55,59927.0
2017-01-26,55.64,172.52,32.25,60621.0
2017-01-27,55.85,175.4,32.495,60738.0
2017-01-30,55.3,176.06,32.325,60675.0
2017-01-31,55.33,173.16,32.385,60658.0
2017-02-01,55.76,173.19,32.315,60861.0
2017-02-02,56.67,173.19,31.99,60396.0
2017-02-03,56.82,173.44,32.4,59834.0
2017-02-06,56.71,173.26,32.5,59392.0
2017-02-07,55.51,172.98,32.615,59809.0
2017-02-08,54.83,171.69,32.6,59897.0
2017-02-09,55.53,169.63,32.445,59457.0
2017-02-10,56.16,166.95,32.26,59181.0
2017-02-13,56.29,164.98,31.88,58530.0
2017-02-14,55.94,162.98,31.79,58039.0
2017-02-15,55.84,163.39,31.755,57728.0
2017-02-16,55.82,164.7,31.97,57655.0
2017-02-17,55.5,165.65,31.72,58320.0
2017-02-20,55.95,165.32,31.39,58555.0
2017-02-21,56.78,167.09,31.44,58128.0
2017-02-22,56.41,166.44,30.77,58042.0
2017-02-24,56.05,166.35,30.49,58396.0
2017-02-27,56.47,162.89,30.09,58087.0
2017-02-28,55.79,157.77,29.475,58313.0
2017-03-01,55.45,159.55,29.47,58537.0
2017-03-02,55.98,162.37,29.99,58784.0
2017-03-03,55.31,163.46,29.605,58892.0
2017-03-06,55.73,164.24,29.67,58315.0
2017-03-07,56.16,160.65,29.37,58253.0
2017-03-09,53.15,157.84,29.335,59135.0
2017-03-10,52.24,157.84,28.67,59156.0
2017-03-13,51.4,158.65,28.405,59104.0
2017-03-14,51.05,159.21,28.455,59258.0
2017-03-15,51.43,157.54,28.485,59129.0
2017-03-16,52.0,158.75,28.34,58447.0
2017-03-17,51.81,160.86,28.795,59018.0
2017-03-20,51.44,162.82,29.19,58582.0
2017-03-21,51.73,164.21,29.64,58384.0
2017-03-22,50.49,161.16,29.655,59048.0
2017-03-23,50.62,163.53,29.615,58727.0
2017-03-24,50.71,164.71,29.395,58329.0
2017-03-27,50.5,162.28,28.985,58010.0
2017-03-28,51.26,163.07,29.265,58037.0
2017-03-29,51.72,163.42,29.35,57921.0
2017-03-30,52.46,163.13,29.315,57266.0
2017-03-31,52.71,161.03,29.165,57178.0
2017-04-03,52.76,161.56,29.285,57260.0
2017-04-04,53.39,162.43,29.27,57385.0
2017-04-05,54.57,166.63,29.68,56968.0
2017-04-06,54.55,167.5,29.72,57294.0
2017-04-07,55.22,163.14,29.7,57791.0
2017-04-10,55.66,156.69,29.045,58164.0
2017-04-11,55.81,157.07,28.355,57889.0
2017-04-12,56.25,153.36,27.64,57731.0
2017-04-13,55.84,151.62,27.04,57371.0
2017-04-14,55.74,150.35,27.06,57031.0
2017-04-17,55.65,151.15,26.94,56904.0
2017-04-18,55.12,153.96,26.93,56848.0
2017-04-19,54.83,154.17,26.68,57004.0
2017-04-20,53.17,155.43,26.36,57119.0
2017-04-21,52.66,159.36,26.695,57007.0
2017-04-24,51.96,162.29,26.835,56668.0
2017-04-25,51.62,162.54,27.315,56667.0
2017-04-26,51.95,163.8,27.94,57270.0
2017-04-27,51.16,164.56,28.185,57650.0
2017-04-28,51.55,165.15,28.125,57525.0
2017-05-02,51.63,167.28,28.2,57558.0
2017-05-03,50.64,164.82,28.63,57746.0
2017-05-04,50.0,165.8,28.655,58331.0
2017-05-05,48.66,165.14,28.5,58917.0
2017-05-10,49.42,168.98,28.81,58385.0
2017-05-11,50.7,170.82,28.69,57633.0
2017-05-12,50.75,168.3,28.49,57586.0
2017-05-15,52.03,169.86,28.08,56864.0
2017-05-16,52.03,170.93,28.03,56706.0
2017-05-17,51.97,169.59,28.06,57173.0
2017-05-18,51.94,166.27,28.16,58013.0
2017-05-19,53.01,167.76,27.595,57489.0
2017-05-22,53.94,168.56,26.825,56976.0
2017-05-23,53.71,166.92,27.57,56783.0
2017-05-24,54.25,165.4,27.585,56667.0
2017-05-25,53.54,165.08,28.84,56503.0
2017-05-26,51.55,161.51,29.305,57038.0
2017-05-29,52.11,162.78,30.49,56772.0
2017-05-30,51.72,162.17,30.575,56785.0
2017-05-31,50.97,157.35,30.39,56941.0
2017-06-01,50.27,154.45,27.54,56723.0
2017-06-02,49.84,154.58,26.555,56744.0
2017-06-05,49.85,156.88,26.855,56764.0
2017-06-06,49.35,153.75,26.675,56798.0
2017-06-07,49.28,153.68,26.725,56837.0
2017-06-08,48.13,150.51,26.21,57074.0
2017-06-09,47.93,151.58,26.09,57009.0
2017-06-13,48.3,146.11,26.03,56943.0
2017-06-14,48.0,144.26,25.46,57023.0
2017-06-15,46.96,138.0,24.45,57391.0
2017-06-16,47.26,140.98,24.81,58843.0
2017-06-19,47.46,143.96,24.685,59265.0
2017-06-20,46.31,145.98,25.335,60237.0
2017-06-21,45.97,143.79,25.67,60867.0
2017-06-22,45.06,144.29,25.665,61154.0
2017-06-23,45.39,144.72,25.615,60720.0
2017-06-26,45.61,145.17,25.385,60146.0
2017-06-27,46.36,145.61,25.76,60008.0
2017-06-28,46.7,145.64,25.89,60567.0
2017-06-29,47.63,145.26,26.01,60138.0
2017-06-30,47.58,145.55,25.79,60313.0
2017-07-03,47.9,147.25,26.04,60140.0
2017-07-04,49.58,148.88,26.385,60239.0
2017-07-05,48.84,148.91,26.42,60825.0
2017-07-06,48.36,150.23,26.615,61048.0
2017-07-07,47.23,151.04,26.635,61322.0
2017-07-10,46.66,154.19,26.195,61277.0
2017-07-11,46.82,156.05,26.265,61627.0
2017-07-12,48.01,159.68,26.615,61270.0
2017-07-13,47.79,160.18,26.77,60884.0
2017-07-14,48.62,161.22,26.885,60359.0
2017-07-17,48.94,161.2,26.76,60018.0
2017-07-18,48.78,161.75,26.4,59980.0
2017-07-19,49.09,162.65,26.685,59911.0
2017-07-20,49.78,164.16,26.715,59811.0
2017-07-21,49.08,162.7,26.55,59710.0
2017-07-24,48.26,160.69,26.685,60532.0
2017-07-25,49.3,160.79,26.48,60647.0
2017-07-26,50.47,161.3,26.365,60594.0
2017-07-27,50.95,164.14,26.405,60172.0
2017-07-28,51.84,164.35,26.05,60187.0
2017-07-31,52.5,165.14,26.34,60704.0
2017-08-01,52.58,167.12,27.235,60658.0
2017-08-02,51.66,168.65,27.2,61220.0
2017-08-03,52.42,170.01,27.585,61076.0
2017-08-04,51.97,169.58,26.925,60813.0
2017-08-07,51.94,171.97,27.15,60624.0
2017-08-08,52.27,174.29,27.365,60495.0
2017-08-09,52.28,173.86,27.15,60544.0
2017-08-10,52.95,173.03,27.19,60424.0
2017-08-11,51.78,170.43,26.505,60549.0
2017-08-14,51.95,172.79,26.43,60212.0
2017-08-15,50.61,171.53,26.38,60357.0
2017-08-16,50.96,174.18,26.395,59958.0
2017-08-17,50.42,173.24,26.56,59744.0
2017-08-18,51.08,169.73,26.35,59700.0
2017-08-21,52.36,169.84,26.355,59424.0
2017-08-22,51.85,170.77,26.31,59379.0
2017-08-23,51.88,173.57,26.665,59449.0
2017-08-24,52.33,178.71,26.505,59469.0
2017-08-25,52.29,180.88,26.68,59324.0
2017-08-28,52.26,180.81,26.28,58791.0
2017-08-29,51.78,180.35,26.27,58949.0
2017-08-30,51.65,182.95,26.5,58848.0
2017-08-31,51.18,184.62,26.69,58601.0
2017-09-01,52.32,183.81,27.245,57984.0
2017-09-04,52.47,183.19,26.875,57983.0
2017-09-05,52.89,184.25,27.29,57864.0
2017-09-06,53.77,182.3,27.14,57577.0
2017-09-07,54.25,184.37,27.335,57187.0
2017-09-08,54.48,185.48,27.48,57194.0
2017-09-11,53.63,189.51,27.785,57301.0
2017-09-12,53.94,189.44,27.99,57544.0
2017-09-13,54.51,189.55,28.11,57840.0
2017-09-14,55.43,187.53,27.765,57776.0
2017-09-15,55.45,188.15,27.945,57622.0
2017-09-18,55.39,188.52,28.185,57773.0
2017-09-19,55.5,185.59,28.425,58134.0
2017-09-20,55.64,184.3,28.64,57991.0
2017-09-21,56.12,186.16,29.02,58119.0
2017-09-22,56.53,187.94,28.765,58492.0
2017-09-25,57.47,189.57,28.925,58285.0
2017-09-26,58.55,193.89,29.185,58439.0
2017-09-27,58.18,192.96,29.255,58922.0
2017-09-28,58.06,192.85,29.545,59000.0
2017-09-29,57.4,192.23,29.395,58576.0
2017-10-02,57.46,192.79,29.49,58604.0
2017-10-03,56.04,193.1,29.32,58756.0
2017-10-04,55.85,191.88,29.16,58481.0
2017-10-05,56.29,191.39,29.22,58275.0
2017-10-06,56.25,195.18,29.5,58665.0
2017-10-09,55.54,193.59,29.45,59066.0
2017-10-10,56.23,193.66,29.385,58720.0
2017-10-11,56.62,195.47,29.735,58585.0
2017-10-12,56.39,195.91,29.825,58417.0
2017-10-13,56.87,196.51,29.725,58114.0
2017-10-16,57.72,197.71,29.645,57839.0
2017-10-17,57.9,197.06,29.54,58018.0
2017-10-18,58.08,195.74,29.59,57984.0
2017-10-19,57.56,193.33,29.39,58145.0
2017-10-20,57.16,193.15,29.525,58094.0
2017-10-23,57.61,192.01,29.56,58050.0
2017-10-24,57.5,191.65,29.2,58116.0
2017-10-25,58.31,193.29,29.105,58178.0
2017-10-26,58.28,191.73,28.82,58239.0
2017-10-27,59.39,194.27,29.06,58785.0
2017-10-30,60.58,196.58,29.615,58366.0
2017-10-31,60.73,195.04,29.485,58760.0
2017-11-01,61.29,195.65,29.58,58681.0
2017-11-02,60.38,193.86,29.305,58713.0
2017-11-03,60.77,194.3,29.24,59103.0
2017-11-07,63.23,202.16,29.91,59208.0
2017-11-08,63.49,209.11,30.35,59732.0
2017-11-09,63.66,215.45,30.45,59672.0
2017-11-10,63.96,222.18,30.245,59591.0
2017-11-13,63.55,218.64,30.065,59730.0
2017-11-14,62.78,220.05,30.075,60064.0
2017-11-15,61.67,224.75,29.765,60572.0
2017-11-16,61.78,223.36,29.185,60263.0
2017-11-17,61.75,225.86,29.0,59818.0
2017-11-20,62.24,224.43,29.215,59623.0
2017-11-21,62.29,229.95,29.385,59674.0
2017-11-22,62.86,230.69,29.215,59168.0
2017-11-23,63.1,226.86,29.06,58724.0
2017-11-24,63.55,225.79,29.355,58701.0
2017-11-27,63.57,226.3,29.05,58441.0
2017-11-28,63.51,226.46,28.92,58585.0
2017-11-29,63.4,228.63,28.435,58592.0
2017-11-30,63.35,225.58,27.6,58748.0
2017-12-01,63.56,222.54,27.63,58767.0
2017-12-04,63.42,223.32,27.45,59089.0
2017-12-05,62.53,222.9,27.31,58854.0
2017-12-06,62.46,223.53,27.72,59152.0
2017-12-07,61.57,221.8,27.695,59381.0
2017-12-08,62.67,221.69,27.59,59355.0
2017-12-11,63.47,224.53,28.205,59320.0
2017-12-12,64.95,227.59,28.835,59018.0
2017-12-13,63.71,223.48,28.935,59107.0
2017-12-14,62.6,225.45,29.065,58775.0
2017-12-15,63.27,227.03,28.975,58912.0
2017-12-18,63.5,227.39,28.84,58699.0
2017-12-19,63.52,225.54,28.59,58670.0
2017-12-20,63.82,225.19,28.085,58700.0
2017-12-21,64.36,224.63,27.815,58568.0
2017-12-22,64.66,222.82,28.12,58952.0
2017-12-25,65.0,223.03,27.93,58702.0
2017-12-26,65.42,222.58,27.52,58359.0
2017-12-27,66.56,225.17,27.5,58266.0
2017-12-28,66.49,224.77,27.715,58157.0
2017-12-29,66.55,225.08,27.735,58211.0
2018-01-03,66.91,230.55,27.775,57932.0
2018-01-04,67.77,235.77,27.98,57687.0
2018-01-05,67.7,238.21,28.055,57512.0
2018-01-09,67.84,241.45,28.36,57560.0
2018-01-10,68.84,238.38,28.285,57464.0
2018-01-11,69.32,238.57,28.345,57441.0
2018-01-12,69.26,237.56,28.49,57066.0
2018-01-15,69.61,239.52,28.84,56904.0
2018-01-16,69.66,238.24,28.965,56890.0
2018-01-17,69.07,238.42,29.49,57167.0
2018-01-18,69.22,243.96,30.215,57104.0
2018-01-19,68.85,242.65,30.115,56986.0
2018-01-22,68.62,243.15,30.09,57004.0
2018-01-23,69.26,243.86,30.04,56859.0
2018-01-24,69.88,245.28,30.2,56720.0
2018-01-25,70.56,249.85,30.595,56242.0
2018-01-26,70.43,248.48,30.44,56255.0
2018-01-29,70.09,249.24,30.57,56696.0
2018-01-30,69.12,255.32,30.365,56489.0
2018-01-31,68.75,262.04,29.345,56584.0
2018-02-01,68.97,265.54,29.115,56567.0
2018-02-02,69.11,259.92,29.02,56550.0
2018-02-05,68.16,256.23,29.11,56936.0
2018-02-06,67.29,255.32,28.855,57448.0
2018-02-07,67.03,259.46,29.27,57362.0
2018-02-08,65.43,256.11,29.05,58005.0
2018-02-09,64.39,248.47,28.535,58454.0
2018-02-12,63.1,254.55,28.34,58399.0
2018-02-13,62.63,256.98,28.325,58032.0
2018-02-14,62.55,260.81,28.205,57767.0
2018-02-15,63.93,266.16,28.21,56954.0
2018-02-16,64.3,265.51,28.57,56589.0
2018-02-19,65.0,267.2,28.51,56590.0
2018-02-20,65.24,266.46,28.34,56782.0
2018-02-21,65.09,273.16,28.695,56753.0
2018-02-22,65.24,277.27,28.99,56833.0
2018-02-26,66.67,282.05,29.395,56166.0
2018-02-27,67.44,278.69,29.215,55982.0
2018-02-28,66.61,274.55,28.805,56372.0
2018-03-01,65.78,274.29,28.455,56740.0
2018-03-02,63.74,271.35,28.235,57002.0
2018-03-05,64.4,276.84,28.5,57140.0
2018-03-06,65.63,277.44,28.645,56561.0
2018-03-07,65.39,272.69,28.215,56882.0
2018-03-09,64.39,272.51,28.5,56930.0
2018-03-12,64.99,275.26,28.98,56794.0
2018-03-13,64.78,274.12,29.235,56884.0
2018-03-14,64.68,267.79,29.135,56994.0
2018-03-15,64.92,259.34,29.23,57068.0
2018-03-16,65.23,254.43,29.295,58163.0
2018-03-19,65.96,255.21,29.175,58329.0
2018-03-20,66.71,254.09,29.12,58294.0
2018-03-21,68.05,264.9,29.11,58022.0
2018-03-22,69.12,267.65,28.87,57582.0
2018-03-23,69.46,262.11,28.695,57691.0
2018-03-26,70.17,260.1,28.395,57682.0
2018-03-27,70.34,256.2,28.455,57793.0
2018-03-28,69.78,252.77,28.38,58153.0
2018-03-29,69.45,253.9,28.41,58182.0
2018-03-30,70.19,253.8,28.585,57871.0
2018-04-02,70.32,254.84,28.54,57890.0
2018-04-03,67.94,249.09,28.305,58103.0
2018-04-04,67.4,252.3,28.355,58252.0
2018-04-05,68.16,259.87,28.69,58125.0
2018-04-06,68.0,259.4,28.835,58376.0
2018-04-09,67.72,225.44,28.035,60047.0
2018-04-10,69.71,210.24,28.95,62980.0
2018-04-11,71.57,212.85,29.71,64782.0
2018-04-12,71.81,213.43,29.46,62615.0
2018-04-13,72.19,210.19,29.245,62284.0
2018-04-16,71.88,197.98,28.98,62665.0
2018-04-17,71.38,203.8,29.095,61952.0
2018-04-18,72.43,214.96,29.46,61979.0
2018-04-19,73.98,217.62,29.38,61408.0
2018-04-20,73.51,214.33,29.385,61788.0
2018-04-23,73.68,218.84,29.255,62258.0
2018-04-24,74.82,225.17,29.15,62045.0
2018-04-25,73.85,220.75,29.0,62411.0
2018-04-26,74.34,219.32,29.525,63140.0
2018-04-27,74.59,221.65,29.745,62857.0
2018-04-28,74.67,223.71,29.5,62460.0
2018-04-30,74.18,225.26,29.705,63119.0
2018-05-02,75.18,227.47,29.5,64013.0
2018-05-03,73.09,230.74,29.415,63902.0
2018-05-04,73.76,228.26,29.38,63452.0
2018-05-07,75.51,230.67,29.425,63097.0
2018-05-08,75.07,226.45,29.41,63553.0
2018-05-10,76.06,231.58,29.585,62658.0
2018-05-11,77.3,236.16,29.645,61956.0
2018-05-14,77.4,235.89,29.66,62038.0
2018-05-15,78.55,233.48,29.965,62492.0
2018-05-16,78.19,229.4,29.78,62605.0
2018-05-17,79.56,228.24,29.865,62131.0
2018-05-18,79.49,225.44,29.665,62519.0
2018-05-21,78.58,225.29,29.765,62433.0
2018-05-22,79.73,225.45,29.64,61524.0
2018-05-23,79.12,222.2,29.59,61757.0
2018-05-24,79.11,222.16,29.24,61662.0
2018-05-25,77.46,221.04,29.13,62075.0
2018-05-28,75.7,220.51,28.99,62525.0
2018-05-29,75.6,218.89,28.585,62773.0
2018-05-30,75.99,220.0,28.645,62614.0
2018-05-31,77.56,222.34,28.59,62280.0
2018-06-01,77.63,220.87,28.81,62341.0
2018-06-04,76.24,220.66,29.16,62101.0
2018-06-05,74.66,217.49,29.005,62310.0
2018-06-06,75.16,216.62,28.805,62128.0
2018-06-07,76.07,218.25,29.085,62122.0
2018-06-08,76.79,213.63,28.73,62656.0
2018-06-09,76.57,212.58,28.555,62489.0
2018-06-11,76.13,210.85,28.68,62510.0
2018-06-13,75.97,213.21,28.77,62848.0
2018-06-14,76.49,215.44,28.965,62299.0
2018-06-15,74.79,210.15,28.495,62826.0
2018-06-18,73.93,207.93,28.405,63430.0
2018-06-19,74.92,203.83,28.49,63959.0
2018-06-20,75.27,210.79,29.18,63610.0
2018-06-21,73.86,211.37,28.995,63732.0
2018-06-22,74.28,212.56,28.455,63738.0
2018-06-25,74.6,204.57,28.38,63468.0
2018-06-26,74.91,201.29,28.415,63587.0
2018-06-27,76.85,204.38,28.52,63719.0
2018-06-28,77.76,209.08,28.345,63698.0
2018-06-29,78.61,215.29,28.455,63291.0
2018-07-02,79.44,220.09,28.605,63668.0
2018-07-03,77.76,219.44,28.295,63782.0
2018-07-04,77.74,218.03,28.07,63753.0
2018-07-05,78.01,221.95,28.3,63623.0
2018-07-06,77.09,224.75,28.41,63568.0
2018-07-09,77.61,229.94,28.76,63246.0
2018-07-10,78.8,230.15,29.1,62853.0
2018-07-11,77.44,226.74,28.91,62420.0
2018-07-12,74.26,226.76,28.45,62590.0
2018-07-13,74.31,229.03,28.7,62674.0
2018-07-16,73.91,228.94,29.03,62769.0
2018-07-17,71.95,222.83,28.605,62887.0
2018-07-18,71.86,218.9,28.435,63399.0
2018-07-19,72.81,210.45,28.575,63797.0
2018-07-20,72.78,205.76,28.435,63897.0
2018-07-23,73.64,208.81,28.41,63551.0
2018-07-24,73.18,212.79,28.275,63227.0
2018-07-25,73.76,212.13,28.24,63456.0
2018-07-26,74.23,212.02,28.44,63336.0
2018-07-27,74.51,208.35,28.43,63239.0
2018-07-30,74.57,210.52,28.9,62908.0
2018-07-31,74.71,213.12,28.955,62743.0
2018-08-01,74.25,212.49,29.13,63045.0
2018-08-02,72.48,208.15,29.01,63602.0
2018-08-03,73.39,203.3,29.09,63681.0
2018-08-06,73.7,203.18,28.99,63890.0
2018-08-07,74.35,205.04,28.97,63818.0
2018-08-08,73.71,195.62,28.835,64689.0
2018-08-09,72.27,188.9,28.84,66302.0
2018-08-10,72.27,190.31,28.86,67353.0
2018-08-13,72.7,188.64,28.66,68214.0
2018-08-14,72.78,191.64,28.57,67178.0
2018-08-15,71.57,189.46,28.265,67270.0
2018-08-16,70.95,190.26,27.89,67218.0
2018-08-17,71.81,190.32,27.815,67515.0
2018-08-20,72.07,192.14,27.805,67398.0
2018-08-21,72.43,190.88,27.705,67537.0
2018-08-22,73.63,190.56,28.165,67922.0
2018-08-23,74.57,183.33,28.335,68441.0
2018-08-24,75.63,176.02,28.135,67866.0
2018-08-27,75.78,182.45,28.105,67409.0
2018-08-28,76.45,183.04,28.23,67671.0
2018-08-29,76.19,182.83,28.535,68239.0
2018-08-30,77.39,181.33,28.705,68244.0
2018-08-31,77.52,179.31,28.545,68011.0
2018-09-03,77.45,181.43,28.73,68008.0
2018-09-04,78.77,179.96,28.77,68379.0
2018-09-05,77.54,179.75,28.275,68457.0
2018-09-06,77.19,177.93,28.05,68885.0
2018-09-07,76.32,175.44,27.775,69383.0
2018-09-10,77.23,171.89,27.765,70154.0
2018-09-11,77.93,168.87,27.75,70103.0
2018-09-12,79.38,172.89,27.78,69351.0
2018-09-13,78.89,183.25,27.65,68569.0
2018-09-14,78.15,186.16,27.53,68059.0
2018-09-17,78.42,188.85,27.51,68147.0
2018-09-18,78.64,190.62,27.555,67671.0
2018-09-19,78.98,192.68,27.565,66986.0
2018-09-20,79.18,194.79,27.75,66512.0
2018-09-21,79.14,192.22,27.295,67105.0
2018-09-24,80.24,197.11,27.345,66612.0
2018-09-25,81.81,197.83,27.235,66346.0
2018-09-26,81.64,195.32,27.395,66474.0
2018-09-27,81.78,200.21,27.815,66357.0
2018-09-28,82.15,202.67,27.695,66165.0
2018-10-01,82.74,203.6,27.71,66100.0
2018-10-02,84.74,202.12,27.71,65868.0
2018-10-03,84.86,199.88,27.82,66115.0
2018-10-04,85.92,193.12,27.53,66984.0
2018-10-05,84.6,188.14,27.395,67215.0
2018-10-08,83.46,187.27,27.475,67382.0
2018-10-09,84.35,192.52,27.39,67124.0
2018-10-10,84.41,191.6,27.145,66814.0
2018-10-11,81.9,184.75,26.965,67073.0
2018-10-12,80.65,189.68,27.13,66588.0
2018-10-15,80.46,191.48,27.0,66204.0
2018-10-16,80.38,192.36,27.095,65955.0
2018-10-17,80.72,195.38,27.15,65969.0
2018-10-18,79.52,192.27,27.21,66118.0
2018-10-19,79.91,187.59,27.375,66152.0
2018-10-22,79.77,183.82,27.21,65737.0
2018-10-23,78.5,179.6,26.735,65843.0
2018-10-24,76.27,185.67,26.725,65905.0
2018-10-25,76.43,186.15,26.375,66107.0
2018-10-26,76.51,181.05,26.315,66180.0
2018-10-29,77.33,183.83,26.43,66084.0
2018-10-30,76.41,184.19,26.205,66132.0
2018-10-31,76.08,186.9,26.48,66125.0
2018-11-01,75.52,188.94,26.415,66070.0
2018-11-02,72.89,191.5,26.59,66189.0
2018-11-06,72.74,196.15,27.07,66337.0
2018-11-07,72.43,199.7,27.195,66380.0
2018-11-08,72.07,202.52,27.36,66683.0
2018-11-09,70.35,198.41,27.17,67461.0
2018-11-12,70.95,199.18,27.215,67981.0
2018-11-13,69.01,197.1,27.07,68074.0
2018-11-14,66.3,196.89,26.965,67988.0
2018-11-15,66.52,200.79,27.085,66971.0
2018-11-16,67.48,201.15,27.18,66283.0
2018-11-19,66.65,199.01,27.19,66220.0
2018-11-20,65.61,194.95,27.08,66012.0
2018-11-21,63.17,195.79,27.025,66210.0
2018-11-22,63.43,198.24,27.13,65816.0
2018-11-23,60.81,196.74,27.075,66106.0
2018-11-26,59.87,190.95,26.735,66984.0
2018-11-27,60.55,190.4,26.71,67054.0
2018-11-28,60.06,191.14,26.845,67454.0
2018-11-29,59.11,193.89,27.125,66808.0
2018-11-30,59.33,192.75,27.275,66813.0
2018-12-03,58.68,200.27,27.775,66739.0
2018-12-04,62.28,198.75,27.935,66602.0
2018-12-05,61.9,195.58,27.875,66904.0
2018-12-06,60.57,192.05,28.1,67020.0
2018-12-07,60.81,194.25,28.355,66719.0
2018-12-10,61.63,192.37,28.13,66462.0
2018-12-11,60.43,192.04,28.045,66538.0
2018-12-12,60.81,191.91,27.955,66453.0
2018-12-13,60.29,189.98,27.895,66391.0
2018-12-14,61.03,185.69,27.95,66559.0
2018-12-17,60.44,184.58,28.13,66641.0
2018-12-18,58.73,182.73,27.73,66839.0
2018-12-19,56.85,186.85,27.68,67368.0
2018-12-20,56.2,189.35,27.345,67344.0
2018-12-21,54.13,187.13,26.92,69104.0
2018-12-24,53.76,184.79,26.645,69275.0
2018-12-25,50.15,181.29,26.18,69473.0
2018-12-26,50.89,183.94,26.635,69901.0
2018-12-27,53.65,185.59,26.615,69883.0
2018-12-28,52.71,186.26,26.705,70164.0
2018-12-29,52.17,186.05,26.85,70280.0
2019-01-03,52.26,188.97,26.745,69797.0
2019-01-04,56.69,189.64,26.86,68877.0
2019-01-08,57.66,191.48,26.925,67869.0
2019-01-09,59.42,195.08,27.03,67633.0
2019-01-10,61.0,196.39,27.195,67648.0
2019-01-11,61.45,197.32,27.51,67595.0
2019-01-14,60.11,195.42,27.67,67738.0
2019-01-15,59.77,197.51,27.935,67643.0
2019-01-16,60.54,199.84,27.9,67302.0
2019-01-17,60.72,202.42,27.725,67080.0
2019-01-18,61.61,205.91,27.92,66885.0
2019-01-21,62.71,208.66,27.99,66908.0
2019-01-22,61.7,207.07,27.82,67045.0
2019-01-23,61.56,210.29,27.875,66801.0
2019-01-24,60.88,211.46,27.505,66466.0
2019-01-25,61.22,212.97,27.39,66515.0
2019-01-28,60.82,210.87,27.325,66487.0
2019-01-29,60.41,210.61,27.38,66728.0
2019-01-30,61.58,214.07,27.47,66464.0
2019-01-31,62.12,216.91,27.435,65871.0
2019-02-01,61.98,216.63,27.47,65974.0
2019-02-04,62.55,215.87,27.445,66008.0
2019-02-05,62.43,217.21,27.43,65936.0
2019-02-06,61.86,216.67,27.34,66141.0
2019-02-07,62.48,213.64,27.155,66369.0
2019-02-08,61.56,210.36,26.925,66285.0
2019-02-11,61.81,213.46,26.8,66037.0
2019-02-12,62.24,217.31,26.795,65991.0
2019-02-13,63.11,216.23,26.435,66130.0
2019-02-14,64.03,205.93,26.38,66971.0
2019-02-15,64.84,207.54,26.665,67002.0
2019-02-18,66.25,205.39,26.585,66545.0
2019-02-19,66.24,203.2,26.39,66469.0
2019-02-20,66.15,205.0,26.64,66040.0
2019-02-21,67.06,204.71,26.46,65774.0
2019-02-22,67.24,204.85,26.435,65744.0
2019-02-25,66.43,206.36,26.425,65540.0
2019-02-26,65.0,204.22,26.245,65872.0
2019-02-27,65.83,205.02,26.085,66014.0
2019-02-28,66.23,206.31,25.785,66012.0
2019-03-01,66.02,207.32,25.675,65967.0
2019-03-04,65.46,206.18,25.545,65948.0
2019-03-05,65.63,203.46,25.405,65928.0
2019-03-06,65.66,204.33,25.41,66029.0
2019-03-07,66.21,204.86,25.275,66101.0
2019-03-11,66.37,204.16,24.81,66188.0
2019-03-12,66.93,205.52,24.67,65865.0
2019-03-13,66.99,204.87,24.285,65593.0
2019-03-14,67.64,204.49,24.415,65510.0
2019-03-15,66.95,204.04,24.265,65384.0
2019-03-18,67.2,205.35,24.5,64587.0
2019-03-19,67.75,207.23,24.94,64381.0
2019-03-20,67.7,208.31,24.935,64338.0
2019-03-21,68.3,211.26,24.96,63858.0
2019-03-22,67.31,208.68,24.65,65033.0
2019-03-25,66.78,211.33,24.515,65187.0
2019-03-26,67.74,216.45,24.7,65054.0
2019-03-27,67.98,216.63,24.635,65513.0
2019-03-28,67.27,214.8,24.595,65765.0
2019-03-29,67.99,216.21,24.765,65769.0
2019-04-01,68.38,217.22,25.17,66270.0
2019-04-02,69.08,218.38,25.16,66150.0
2019-04-03,69.46,221.38,25.28,65950.0
2019-04-04,69.3,220.27,25.415,66153.0
2019-04-05,69.48,224.82,25.475,66033.0
2019-04-08,70.6,229.92,25.515,65913.0
2019-04-09,70.87,236.61,25.495,65446.0
2019-04-10,70.97,242.3,25.39,65291.0
2019-04-11,71.3,242.8,25.24,65086.0
2019-04-12,71.25,239.91,25.305,65007.0
2019-04-15,71.24,239.58,25.07,64899.0
2019-04-16,71.08,234.84,24.89,64921.0
2019-04-17,71.78,233.88,25.155,64543.0
2019-04-18,71.69,232.26,25.005,64590.0
2019-04-19,71.85,232.74,25.11,64540.0
2019-04-22,73.8,234.8,25.105,64359.0
2019-04-23,74.31,235.93,24.975,64302.0
2019-04-24,74.39,235.37,24.65,64582.0
2019-04-25,75.03,231.56,24.71,65237.0
2019-04-26,73.07,224.13,24.63,65214.0
2019-04-29,71.76,226.18,24.655,65073.0
2019-04-30,72.55,225.94,24.6,64936.0
2019-05-02,72.83,228.41,24.57,65539.0
2019-05-03,70.64,230.83,24.8,65738.0
2019-05-06,70.42,229.47,24.825,65662.0
2019-05-07,70.57,232.11,24.835,65570.0
2019-05-08,69.98,230.74,24.695,65567.0
2019-05-10,70.61,227.88,24.375,65606.0
2019-05-13,71.55,226.23,24.285,65734.0
2019-05-14,70.62,228.24,24.215,65566.0
2019-05-15,71.18,227.45,24.15,65108.0
2019-05-16,72.45,229.56,24.27,64848.0
2019-05-17,72.71,227.11,24.23,64965.0
2019-05-20,72.47,226.61,24.19,64832.0
2019-05-21,72.07,229.23,24.205,64795.0
2019-05-22,71.64,234.99,24.295,64590.0
2019-05-23,69.27,231.93,24.23,64924.0
2019-05-24,68.05,234.15,24.33,64829.0
2019-05-27,68.87,235.34,24.385,64665.0
2019-05-28,70.01,234.45,24.46,64819.0
2019-05-29,69.04,232.64,24.43,65328.0
2019-05-30,68.95,233.4,24.86,65225.0
2019-05-31,65.98,231.25,24.86,65531.0
2019-06-03,64.5,237.64,24.895,65549.0
2019-06-04,61.08,236.98,25.095,65377.0
2019-06-05,61.38,238.29,25.3,65258.0
2019-06-06,60.81,243.76,25.305,65323.0
2019-06-07,62.26,247.72,25.235,65085.0
2019-06-10,63.2,248.53,25.16,64848.0
2019-06-11,62.47,237.19,25.28,64627.0
2019-06-13,62.0,237.23,25.18,64670.0
2019-06-14,61.45,240.33,25.115,64429.0
2019-06-17,61.83,239.03,25.185,64322.0
2019-06-18,61.36,239.11,25.285,64214.0
2019-06-19,62.03,240.29,25.455,63990.0
2019-06-20,63.38,243.64,25.735,63539.0
2019-06-21,64.92,239.93,25.87,64037.0
2019-06-24,65.05,239.62,25.975,63736.0
2019-06-25,64.83,235.91,25.89,63472.0
2019-06-26,65.94,239.24,26.14,63794.0
2019-06-27,66.18,240.3,26.29,63794.0
2019-06-28,66.54,239.56,26.415,63738.0
2019-07-01,66.59,242.36,26.475,63756.0
2019-07-02,64.36,240.84,26.625,63946.0
2019-07-03,62.91,242.25,26.775,64186.0
2019-07-04,63.55,242.16,26.79,64099.0
2019-07-05,63.65,242.55,26.76,64261.0
2019-07-08,64.49,241.97,26.84,64379.0
2019-07-09,64.29,242.75,27.055,64398.0
2019-07-10,65.39,243.86,27.18,64143.0
2019-07-11,67.01,242.31,26.82,63587.0
2019-07-12,66.83,237.88,26.685,63612.0
2019-07-15,66.92,236.64,26.705,63303.0
2019-07-16,66.59,233.82,26.76,63336.0
2019-07-17,64.79,236.1,26.42,63431.0
2019-07-18,63.35,235.17,26.325,63485.0
2019-07-19,62.35,235.03,26.455,63468.0
2019-07-22,63.05,231.46,26.23,63491.0
2019-07-23,63.19,231.05,26.535,63678.0
2019-07-24,63.96,232.25,26.56,63590.0
2019-07-25,63.67,232.44,26.52,63554.0
2019-07-26,63.49,232.11,26.23,63692.0
2019-07-29,63.36,232.3,26.42,63954.0
2019-07-30,64.07,233.42,26.765,63850.0
2019-07-31,64.88,235.47,26.94,63897.0
2019-08-01,65.16,230.02,26.89,64154.0
2019-08-02,61.75,223.59,26.835,65293.0
2019-08-05,61.1,222.44,26.48,65461.0
2019-08-06,60.05,225.27,26.1,65622.0
2019-08-07,57.86,224.42,25.96,65691.0
2019-08-08,57.0,224.55,26.18,65649.0
2019-08-09,58.14,222.45,26.315,65670.0
2019-08-12,58.44,221.44,26.54,65858.0
2019-08-13,59.49,223.12,26.605,65750.0
2019-08-14,60.02,219.76,26.295,65759.0
2019-08-15,58.54,215.47,25.92,66469.0
2019-08-16,58.67,215.3,25.69,66455.0
2019-08-19,59.14,216.35,25.865,67029.0
2019-08-20,59.55,217.16,25.975,67010.0
2019-08-21,60.52,218.11,25.835,66365.0
2019-08-22,60.36,219.05,25.655,65932.0
2019-08-23,59.37,220.15,25.76,66057.0
2019-08-26,59.4,218.42,25.615,66223.0
2019-08-27,59.04,217.55,25.99,66566.0
2019-08-28,60.0,218.14,26.12,66855.0
2019-08-29,60.45,220.27,26.405,66882.0
2019-08-30,60.75,223.85,27.06,66670.0
2019-09-02,60.4,226.28,29.39,66849.0
2019-09-03,57.86,223.69,34.87,67096.0
2019-09-04,59.19,226.08,36.175,66608.0
2019-09-05,61.08,229.75,34.05,66160.0
2019-09-06,60.51,229.63,32.985,66007.0
2019-09-09,61.94,229.07,33.525,65619.0
2019-09-10,63.09,231.84,33.34,65537.0
2019-09-11,62.6,234.43,35.24,65458.0
2019-09-12,60.21,234.22,36.815,65174.0
2019-09-13,60.25,233.39,37.2,64431.0
2019-09-16,65.8,234.77,38.02,64009.0
2019-09-17,67.22,235.4,37.135,64224.0
2019-09-18,64.64,235.46,35.625,64349.0
2019-09-19,64.28,234.47,35.92,64237.0
2019-09-20,64.76,232.22,35.565,64629.0
2019-09-23,64.36,230.11,35.105,64690.0
2019-09-24,64.02,229.72,35.28,64456.0
2019-09-25,62.21,226.78,34.435,64957.0
2019-09-26,62.05,229.46,34.83,64965.0
2019-09-27,62.04,228.98,34.96,65060.0
2019-09-30,61.43,227.43,35.22,65464.0
2019-10-01,60.8,228.09,36.305,65817.0
2019-10-02,58.56,224.47,35.515,65964.0
2019-10-03,57.28,224.35,35.27,65837.0
2019-10-04,58.24,224.34,35.53,65484.0
2019-10-07,58.76,225.48,35.73,65477.0
2019-10-08,58.27,226.29,36.01,65722.0
2019-10-09,58.55,227.68,36.33,65607.0
2019-10-10,58.56,227.12,36.435,65316.0
2019-10-11,59.82,230.13,36.695,64753.0
2019-10-14,59.53,229.09,36.29,64858.0
2019-10-15,59.03,228.51,35.96,64903.0
2019-10-16,58.95,230.53,36.485,64812.0
2019-10-17,59.19,232.09,36.34,64518.0
2019-10-18,59.77,234.85,36.26,64549.0
2019-10-21,58.97,235.18,36.1,64262.0
2019-10-22,59.43,237.38,36.45,64164.0
2019-10-23,59.62,238.84,39.855,64321.0
2019-10-24,61.1,240.92,42.12,64413.0
2019-10-25,61.54,239.43,46.535,64292.0
2019-10-28,61.86,239.51,46.55,64154.0
2019-10-29,61.18,238.55,44.675,64319.0
2019-10-30,61.55,240.26,43.465,64340.0
2019-10-31,60.62,237.62,43.07,64352.0
2019-11-01,60.2,235.05,45.175,64233.0
2019-11-05,62.05,238.46,46.69,63748.0
2019-11-06,62.78,238.03,45.815,64045.0
2019-11-07,62.25,241.21,47.02,64125.0
2019-11-08,61.81,240.18,46.6,64080.0
2019-11-11,62.16,240.91,48.3,64212.0
2019-11-12,62.5,241.87,48.815,64281.0
2019-11-13,61.93,237.63,47.835,64608.0
2019-11-14,62.75,237.71,48.005,64444.0
2019-11-15,62.31,238.58,46.76,64152.0
2019-11-18,63.12,238.5,46.27,64089.0
2019-11-19,62.0,238.82,46.865,64022.0
2019-11-20,61.14,238.23,46.41,64221.0
2019-11-21,62.54,236.77,46.055,64030.0
2019-11-22,63.8,238.32,46.59,63916.0
2019-11-25,63.38,238.26,46.36,64101.0
2019-11-26,63.68,235.53,45.195,64235.0
2019-11-27,64.16,234.94,44.63,64159.0
2019-11-28,63.74,234.37,43.72,64278.0
2019-11-29,63.26,233.41,43.63,64313.0
2019-12-02,62.48,234.71,43.97,64476.0
2019-12-03,60.93,231.61,43.09,64292.0
2019-12-04,61.81,231.19,43.185,64170.0
2019-12-05,63.29,230.64,43.315,63970.0
2019-12-06,63.68,233.64,42.94,63829.0
2019-12-09,64.08,236.17,43.805,63803.0
2019-12-10,64.21,238.02,43.425,63660.0
2019-12-11,64.01,240.27,44.25,63620.0
2019-12-12,64.03,241.36,47.43,63196.0
2019-12-13,64.84,242.02,47.98,62653.0
2019-12-16,65.39,241.44,47.53,62655.0
2019-12-17,65.52,241.93,48.12,62584.0
2019-12-18,65.95,243.91,48.465,62529.0
2019-12-19,66.25,245.63,48.255,62540.0
2019-12-20,66.42,244.54,48.145,62891.0
2019-12-23,66.06,246.79,50.415,62942.0
2019-12-24,66.6,248.68,51.87,62725.0
2019-12-25,67.34,248.06,51.595,62359.0
2019-12-26,67.48,247.97,50.945,62604.0
2019-12-27,68.0,250.72,50.99,62618.0
2019-12-30,68.4,253.96,50.78,62412.0
2020-01-03,68.45,255.62,51.31,62563.0
2020-01-06,69.11,252.64,51.875,62617.0
2020-01-08,68.29,256.88,52.405,62328.0
2020-01-09,65.61,259.23,52.93,61786.0
2020-01-10,65.29,258.05,54.075,61730.0
2020-01-13,64.91,259.84,53.63,61578.0
2020-01-14,64.42,260.35,53.91,61867.0
2020-01-15,64.41,256.51,53.42,61982.0
2020-01-16,64.27,257.59,53.135,62057.0
2020-01-17,64.83,261.19,54.005,61885.0
2020-01-20,65.11,264.82,54.305,61976.0
2020-01-21,64.63,265.65,52.35,62247.0
2020-01-22,64.02,268.01,49.905,62328.0
2020-01-23,62.44,264.94,48.035,62337.0
2020-01-24,61.65,265.65,48.365,62244.0
2020-01-27,59.55,258.13,46.88,62878.0
2020-01-28,59.1,256.88,46.31,63153.0
2020-01-29,59.89,259.59,48.09,62930.0
2020-01-30,58.99,257.08,47.92,63400.0
2020-01-31,58.45,255.62,47.14,63800.0
2020-02-03,58.15,253.44,44.905,64138.0
2020-02-04,54.9,254.95,45.515,63709.0
2020-02-05,55.24,255.98,47.83,63169.0
2020-02-06,55.4,254.5,47.06,63384.0
2020-02-07,54.81,251.82,46.205,64029.0
2020-02-10,54.3,253.53,45.83,64239.0
2020-02-11,53.99,256.57,47.515,63985.0
2020-02-12,55.18,254.22,48.55,63367.0
2020-02-13,55.74,253.56,48.375,63807.0
2020-02-14,56.75,252.49,48.195,63723.0
2020-02-17,57.18,251.15,48.705,63630.0
2020-02-18,56.87,248.98,47.28,64009.0
2020-02-19,58.02,249.51,47.235,63878.0
2020-02-20,59.25,250.8,47.635,64003.0
2020-02-21,58.68,249.49,47.095,64523.0
2020-02-25,56.83,247.01,45.545,65217.0
2020-02-26,54.57,246.83,43.63,65609.0
2020-02-27,52.8,245.34,41.22,65930.0
2020-02-28,51.47,234.71,37.795,67155.0
2020-03-02,50.5,231.53,38.845,66938.0
2020-03-03,52.66,235.44,39.53,66467.0
2020-03-04,52.31,234.7,38.62,66032.0
2020-03-05,51.28,233.99,37.745,66594.0
2020-03-06,48.57,221.34,35.725,67967.0
2020-03-10,39.8,201.89,32.355,71325.0
2020-03-11,36.66,197.85,31.705,71773.0
2020-03-12,34.32,180.03,29.475,74383.0
2020-03-13,34.0,191.8,29.075,73277.0
2020-03-16,31.84,192.03,26.06,74298.0
2020-03-17,30.0,190.81,26.045,74614.0
2020-03-18,28.01,177.02,25.215,78048.0
2020-03-19,25.95,184.1,25.995,80922.0
2020-03-20,28.67,197.22,27.685,80008.0
2020-03-23,26.77,186.16,26.255,81386.0
2020-03-24,27.26,192.06,27.76,80037.0
2020-03-25,26.94,191.68,29.255,79340.0
2020-03-26,27.13,186.31,32.395,79116.0
2020-03-27,25.77,183.69,31.53,79183.0
2020-03-30,23.39,180.04,31.235,80643.0
2020-03-31,22.8,186.56,32.8,79536.0
2020-04-01,22.71,184.21,34.14,79778.0
2020-04-02,27.46,186.02,35.855,79270.0
2020-04-03,32.25,185.6,36.49,77954.0
2020-04-06,33.39,188.83,37.175,77306.0
2020-04-07,33.51,197.47,37.615,76456.0
2020-04-08,32.23,197.67,36.535,76378.0
2020-04-09,34.06,202.95,37.475,74868.0
2020-04-10,32.82,201.69,36.805,74598.0
2020-04-13,31.6,198.93,36.375,74351.0
2020-04-14,31.49,199.82,36.035,73956.0
2020-04-15,28.73,190.2,34.055,74905.0
2020-04-16,28.13,188.65,34.145,75144.0
2020-04-17,28.13,190.8,34.46,74786.0
2020-04-20,27.24,189.5,33.98,75158.0
2020-04-21,22.1,185.71,33.11,77239.0
2020-04-22,19.45,189.01,34.875,77385.0
2020-04-23,21.74,190.77,35.82,75576.0
2020-04-24,21.54,189.31,35.28,75149.0
2020-04-27,20.54,189.44,35.265,75036.0
2020-04-28,20.09,191.63,36.46,74818.0
2020-04-29,21.76,194.43,37.22,74200.0
2020-04-30,23.9,197.35,37.24,73857.0
2020-05-04,25.22,194.27,36.265,75711.0
2020-05-05,28.95,195.08,36.87,74699.0
2020-05-06,30.49,195.87,36.475,74804.0
2020-05-07,30.55,196.5,36.41,74475.0
2020-05-08,29.93,195.59,36.79,74045.0
2020-05-12,30.27,193.18,37.105,73699.0
2020-05-13,29.81,188.46,36.595,73888.0
2020-05-14,29.96,185.59,37.695,74447.0
2020-05-15,31.61,184.95,40.17,73863.0
2020-05-18,33.95,187.45,40.83,73286.0
2020-05-19,35.03,189.45,40.01,72775.0
2020-05-20,35.33,190.84,40.785,72172.0
2020-05-21,36.23,193.86,39.895,71206.0
2020-05-22,34.86,189.78,39.215,71957.0
2020-05-25,35.18,189.88,41.06,71881.0
2020-05-26,36.04,194.3,42.155,71219.0
2020-05-27,35.42,196.95,40.865,71300.0
2020-05-28,34.58,202.04,40.595,71073.0
2020-05-29,34.89,201.26,39.605,70773.0
2020-06-01,35.16,203.72,40.005,69985.0
2020-06-02,38.87,207.91,40.27,69069.0
2020-06-03,39.44,217.51,39.95,68731.0
2020-06-04,39.46,216.22,39.675,69283.0
2020-06-05,41.27,216.87,40.2,68758.0
2020-06-08,42.11,220.34,40.84,68460.0
2020-06-09,40.56,217.53,40.195,68776.0
2020-06-10,40.64,213.96,40.735,68786.0
2020-06-11,40.13,207.4,39.94,69114.0
2020-06-15,38.27,204.96,38.895,70251.0
2020-06-16,40.37,210.05,40.09,69640.0
2020-06-17,40.75,208.61,39.665,69647.0
2020-06-18,40.98,204.74,38.605,69568.0
2020-06-19,42.29,207.27,39.16,70238.0
2020-06-22,42.12,205.82,38.955,70116.0
2020-06-23,43.31,208.23,39.76,69485.0
2020-06-25,40.88,203.34,38.88,69981.0
2020-06-26,41.13,204.24,38.525,70086.0
2020-06-29,40.93,203.7,38.29,70681.0
2020-06-30,41.44,203.63,38.475,71463.0
2020-07-02,41.16,208.11,38.685,71132.0
2020-07-03,42.72,210.32,38.51,71652.0
2020-07-06,43.32,214.86,39.04,72206.0
2020-07-07,43.01,212.04,39.53,72395.0
2020-07-08,43.11,210.59,39.39,71826.0
2020-07-09,42.94,209.9,38.88,71395.0
2020-07-10,42.21,209.12,38.43,71569.0
2020-07-13,42.96,211.09,38.44,71287.0
2020-07-14,42.6,207.08,36.955,71592.0
2020-07-15,43.2,209.83,37.59,71387.0
2020-07-16,43.59,210.67,36.795,71669.0
2020-07-17,43.13,210.89,36.645,72193.0
2020-07-20,42.9,211.4,37.02,72124.0
2020-07-21,44.17,217.27,37.49,71341.0
2020-07-22,44.02,215.79,37.65,71271.0
2020-07-23,44.23,217.71,37.7,71646.0
2020-07-24,43.45,215.09,37.77,72051.0
2020-07-27,43.04,216.86,37.795,72034.0
2020-07-28,43.36,216.14,37.435,72583.0
2020-07-29,43.61,217.82,37.26,72774.0
2020-07-30,42.78,217.27,37.22,73727.0
2020-07-31,43.15,220.17,37.195,74163.0
2020-08-03,43.26,225.61,37.145,74320.0
2020-08-04,43.94,227.12,36.72,73932.0
2020-08-05,45.34,226.89,37.255,73440.0
2020-08-06,45.32,225.68,37.31,73561.0
2020-08-07,44.93,226.17,37.16,73911.0
2020-08-10,44.82,226.14,37.54,73968.0
2020-08-11,45.33,230.87,37.785,73321.0
2020-08-12,45.08,238.43,38.17,73613.0
2020-08-13,45.3,241.32,38.635,73731.0
2020-08-14,44.82,239.61,38.445,73420.0
2020-08-17,44.9,238.65,38.33,73537.0
2020-08-18,45.23,237.4,38.025,73494.0
2020-08-19,45.16,238.75,38.145,73499.0
2020-08-20,44.82,233.76,37.465,74010.0
2020-08-21,44.39,231.59,36.915,74621.0
2020-08-24,44.58,232.24,37.365,74595.0
2020-08-25,45.52,229.22,37.225,74977.0
2020-08-26,45.88,226.86,37.93,75805.0
2020-08-27,45.33,227.58,38.265,75324.0
2020-08-28,45.05,226.57,37.24,74679.0
2020-08-31,45.06,226.92,36.855,74119.0
2020-09-01,45.87,226.98,36.755,73806.0
2020-09-02,45.46,224.15,36.41,74672.0
2020-09-03,43.84,221.43,35.71,75416.0
2020-09-04,43.69,219.34,35.355,75335.0
2020-09-07,42.3,222.11,35.255,75836.0
2020-09-08,40.49,218.54,34.88,76270.0
2020-09-09,40.13,218.0,35.09,75970.0
2020-09-10,40.61,219.03,34.71,75258.0
2020-09-11,39.97,221.42,35.0,74992.0
2020-09-14,39.65,225.09,35.815,75181.0
2020-09-15,39.95,230.29,36.545,75121.0
2020-09-16,41.39,231.21,36.635,74895.0
2020-09-17,42.41,230.14,36.385,75053.0
2020-09-18,43.28,230.46,36.375,75975.0
2020-09-21,42.18,226.38,35.705,76858.0
2020-09-22,41.72,228.25,35.45,76782.0
2020-09-23,41.86,230.07,35.09,77236.0
2020-09-24,41.78,228.45,34.775,77855.0
2020-09-25,41.86,227.49,34.745,78197.0
2020-09-28,41.94,228.48,35.0,79368.0
2020-09-29,41.85,225.58,35.16,79809.0
2020-09-30,40.54,227.37,34.945,79067.0
2020-10-01,40.9,228.59,35.9,77971.0
2020-10-02,39.75,208.53,35.14,78839.0
2020-10-05,40.53,208.63,35.695,78919.0
2020-10-06,42.05,211.29,35.99,78718.0
2020-10-07,42.02,210.45,35.33,78769.0
2020-10-08,42.63,208.82,35.29,78294.0
2020-10-09,43.22,206.27,34.71,77578.0
2020-10-12,42.38,206.5,34.55,77539.0
2020-10-13,42.19,206.02,34.34,77667.0
2020-10-14,42.76,206.77,34.25,77840.0
2020-10-15,42.47,204.28,33.92,78504.0
2020-10-16,42.81,202.12,34.0,78526.0
2020-10-19,42.91,202.8,34.005,78231.0
2020-10-20,42.53,207.14,34.045,78216.0
2020-10-21,42.55,210.95,33.825,77490.0
2020-10-22,42.07,209.73,33.72,77274.0
2020-10-23,42.48,212.78,33.985,76845.0
2020-10-26,40.95,212.54,34.035,76727.0
2020-10-27,40.68,208.58,34.135,77027.0
2020-10-28,39.89,204.45,33.15,78529.0
2020-10-29,38.0,205.28,32.81,79509.0
2020-10-30,37.6,202.69,33.28,79535.0
2020-11-02,37.43,201.24,33.37,80684.0
2020-11-03,39.61,207.54,34.38,80143.0
2020-11-05,40.68,215.42,35.25,78396.0
2020-11-06,40.32,216.52,35.49,77694.0
2020-11-09,41.83,225.44,36.39,76981.0
2020-11-10,42.81,232.66,36.76,76696.0
2020-11-11,44.43,242.64,36.98,76731.0
2020-11-12,43.94,243.46,36.145,77337.0
2020-11-13,43.33,241.12,35.805,77637.0
2020-11-16,43.79,247.07,36.825,77108.0
2020-11-17,43.74,245.94,37.14,76605.0
2020-11-18,44.16,245.19,37.115,76117.0
2020-11-19,44.28,239.49,36.805,76524.0
2020-11-20,44.35,238.4,36.565,76310.0
2020-11-23,45.38,241.2,36.97,76149.0
2020-11-24,46.64,243.78,37.005,76174.0
2020-11-25,48.21,250.09,37.285,75748.0
2020-11-26,48.17,249.73,37.035,75751.0
2020-11-27,47.91,250.07,36.755,76123.0
2020-11-30,47.67,249.03,35.615,76221.0
2020-12-01,47.55,255.92,35.225,76194.0
2020-12-02,47.49,262.01,35.45,75736.0
2020-12-03,48.24,262.83,35.275,75076.0
2020-12-04,49.13,268.76,35.545,74308.0
2020-12-07,48.88,273.69,35.32,74122.0
2020-12-08,48.75,274.43,34.855,73454.0
2020-12-09,49.09,277.79,34.925,73560.0
2020-12-10,49.56,279.2,35.23,73571.0
2020-12-11,50.3,282.6,35.685,73203.0
2020-12-14,50.34,282.93,35.91,73737.0
2020-12-15,50.29,279.23,35.11,74272.0
2020-12-16,50.73,278.0,35.275,74134.0
2020-12-17,51.36,280.79,35.31,73623.0
2020-12-18,51.59,272.29,35.08,74142.0
2020-12-21,50.46,262.9,34.45,75450.0
2020-12-22,50.33,263.78,34.765,75908.0
2020-12-23,50.23,265.68,34.87,76017.0
2020-12-24,51.13,269.97,34.925,75279.0
2020-12-25,51.16,269.82,35.02,74594.0
2020-12-28,51.56,272.35,35.365,74378.0
2020-12-29,51.36,274.01,35.72,74236.0
2020-12-30,51.32,271.99,35.99,74834.0
2021-01-04,51.28,274.61,36.26,74151.0
2021-01-05,51.73,273.12,36.285,75122.0
2021-01-06,53.76,273.49,36.68,74323.0
2021-01-08,54.69,280.74,37.535,74709.0
2021-01-11,55.41,288.3,37.625,75069.0
2021-01-12,56.23,291.7,37.685,74689.0
2021-01-13,56.54,286.11,37.245,74187.0
2021-01-14,55.92,283.47,37.47,74018.0
2021-01-15,55.59,280.64,36.985,73969.0
2021-01-18,54.97,277.53,36.155,74510.0
2021-01-19,55.43,279.6,36.13,74253.0
2021-01-20,56.27,279.72,36.01,73939.0
2021-01-21,55.9,275.72,35.025,74079.0
2021-01-22,55.29,269.24,34.995,74980.0
2021-01-25,55.53,267.41,35.09,75663.0
2021-01-26,55.9,266.95,34.925,75814.0
2021-01-27,55.87,269.59,34.525,75912.0
2021-01-28,56.0,264.34,34.285,76540.0
2021-01-29,55.79,260.42,33.675,76267.0
2021-02-01,55.92,261.63,33.71,76099.0
2021-02-02,57.13,265.68,34.295,76167.0
2021-02-03,58.03,264.12,34.165,76374.0
2021-02-04,58.68,266.79,33.96,75985.0
2021-02-05,59.27,270.77,33.925,75345.0
2021-02-08,60.0,274.05,34.24,74718.0
2021-02-09,60.61,270.69,34.12,74383.0
2021-02-10,61.21,268.17,33.89,74146.0
2021-02-11,61.28,265.07,33.69,74013.0
2021-02-12,61.0,261.9,33.42,74347.0
2021-02-15,62.82,269.06,33.99,73683.0
2021-02-16,63.14,270.35,33.96,73706.0
2021-02-17,63.73,271.68,34.215,74092.0
2021-02-18,64.47,269.08,33.84,74018.0
2021-02-19,63.45,268.22,33.57,74131.0
2021-02-20,63.04,269.9,33.85,74214.0
2021-02-22,63.85,271.43,33.685,74856.0
2021-02-24,65.75,271.05,33.855,73936.0
2021-02-25,67.2,274.13,33.73,73869.0
2021-02-26,66.35,269.8,32.805,74718.0
2021-03-01,66.07,272.85,32.635,74400.0
2021-03-02,63.63,276.73,33.085,74266.0
2021-03-03,63.47,281.14,33.625,73882.0
2021-03-04,64.6,277.99,33.735,73893.0
2021-03-05,67.92,275.36,34.55,74393.0
2021-03-09,68.62,283.38,35.985,74218.0
2021-03-10,67.66,284.46,35.785,73968.0
2021-03-11,68.3,284.36,35.605,73677.0
2021-03-12,69.46,285.17,35.975,73525.0
2021-03-15,68.93,290.38,36.205,73210.0
2021-03-16,68.16,291.27,35.95,72854.0
2021-03-17,68.0,284.88,35.01,73462.0
2021-03-18,66.86,282.65,34.54,73760.0
2021-03-19,63.36,283.63,34.31,74899.0
2021-03-22,64.41,287.95,34.32,75312.0
2021-03-23,62.79,284.55,34.27,76537.0
2021-03-24,61.99,285.32,34.46,77024.0
2021-03-25,62.97,285.7,34.205,77017.0
2021-03-26,63.1,290.42,34.765,76727.0
2021-03-29,64.34,292.5,34.995,76658.0
2021-03-30,64.34,293.42,34.74,76609.0
2021-03-31,64.06,291.99,34.68,76313.0
2021-04-01,63.67,291.64,35.785,76741.0
2021-04-02,64.49,291.01,36.905,76947.0
2021-04-05,63.5,288.83,36.225,77089.0
2021-04-06,62.99,284.07,35.13,77410.0
2021-04-07,62.8,282.41,34.935,78240.0
2021-04-08,62.85,284.1,34.66,77704.0
2021-04-09,63.05,281.56,34.385,77878.0
2021-04-12,63.48,282.33,34.49,78064.0
2021-04-13,63.69,284.05,34.455,77672.0
2021-04-14,64.97,289.04,35.23,76419.0
2021-04-15,66.54,282.8,35.35,77325.0
2021-04-16,66.97,286.78,35.465,76423.0
2021-04-19,66.8,287.73,35.14,76774.0
2021-04-20,67.01,288.49,35.21,77059.0
2021-04-21,65.89,288.52,35.275,77306.0
2021-04-22,65.27,291.39,35.25,76638.0
2021-04-23,65.62,292.59,35.43,75629.0
2021-04-26,65.33,294.79,35.12,75425.0
2021-04-27,65.98,298.13,35.04,75462.0
2021-04-28,66.82,297.52,34.6,75279.0
2021-04-29,68.02,298.44,34.385,74931.0
2021-04-30,67.8,296.81,34.09,75381.0
2021-05-04,67.29,301.91,34.355,75477.0
2021-05-05,69.46,304.12,35.46,75204.0
2021-05-06,68.73,310.8,35.42,74968.0
2021-05-07,68.09,317.76,35.44,74416.0
2021-05-10,68.44,318.32,35.61,74276.0
2021-05-11,67.97,305.99,35.54,74474.0
2021-05-12,69.17,305.82,35.68,74592.0
2021-05-13,68.15,302.95,35.61,74584.0
2021-05-14,67.59,304.66,35.565,74269.0
2021-05-17,68.79,303.05,36.68,74263.0
2021-05-18,69.6,304.99,36.72,74022.0
2021-05-19,67.18,298.9,36.775,74022.0
2021-05-20,66.2,295.86,36.205,73903.0
2021-05-21,65.76,299.86,35.835,73739.0
2021-05-24,67.37,301.83,35.83,73847.0
2021-05-25,68.38,304.84,35.355,73610.0
2021-05-26,68.57,307.48,35.7,73745.0
2021-05-27,68.62,311.16,35.745,73645.0
2021-05-28,69.54,310.55,35.98,73658.0
2021-05-31,69.71,310.71,36.47,73511.0
2021-06-01,70.68,312.3,36.435,73566.0
2021-06-02,70.74,312.6,36.415,73595.0
2021-06-03,71.41,312.55,36.465,73338.0
2021-06-04,71.6,310.09,36.44,73217.0
2021-06-07,71.57,313.59,36.405,72976.0
2021-06-08,71.25,314.42,36.28,72705.0
2021-06-09,72.43,314.56,36.335,72254.0
2021-06-10,72.32,315.18,36.185,72126.0
2021-06-11,72.33,313.63,36.335,71838.0
2021-06-14,73.16,312.78,36.885,72239.0
2021-06-15,73.36,313.99,37.98,72019.0
2021-06-16,74.3,312.91,38.25,72033.0
2021-06-17,74.03,314.1,38.175,72403.0
2021-06-18,72.85,310.11,37.76,73331.0
2021-06-21,73.75,307.98,37.62,74036.0
2021-06-22,74.76,309.57,38.015,74090.0
2021-06-23,75.43,310.29,37.905,73574.0
2021-06-24,75.21,310.29,37.79,73309.0
2021-06-25,75.51,311.76,37.625,73065.0
2021-06-28,75.88,310.22,37.375,73073.0
2021-06-29,74.71,306.34,36.345,73375.0
2021-06-30,75.03,305.04,36.39,73847.0
2021-07-01,75.15,305.96,36.65,73949.0
2021-07-02,75.75,307.14,36.585,74319.0
2021-07-05,76.33,306.29,37.005,74210.0
2021-07-06,76.26,304.28,37.035,74564.0
2021-07-07,74.44,304.52,36.705,75195.0
2021-07-08,73.09,301.95,35.86,75846.0
2021-07-09,74.72,303.08,35.51,75219.0
2021-07-12,74.89,304.26,35.4,75329.0
2021-07-13,75.43,303.93,35.355,74938.0
2021-07-14,76.23,301.87,35.27,74914.0
2021-07-15,74.14,301.7,34.5,74913.0
2021-07-16,73.45,301.89,34.075,74943.0
2021-07-19,71.17,293.81,33.105,75188.0
2021-07-20,68.72,294.42,32.535,75242.0
2021-07-21,70.5,295.08,32.57,74976.0
2021-07-22,72.5,296.57,32.53,74487.0
2021-07-23,73.6,296.64,32.61,74331.0
2021-07-26,73.74,299.07,32.27,74606.0
2021-07-27,74.57,301.11,32.515,74370.0
2021-07-28,74.73,301.48,32.685,74248.0
2021-07-29,75.15,303.92,33.335,73910.0
2021-07-30,75.9,304.78,32.655,73657.0
2021-08-02,76.33,307.42,32.58,73500.0
2021-08-03,72.3,308.75,32.55,73535.0
2021-08-04,71.62,310.99,33.46,73476.0
2021-08-05,70.6,313.73,33.59,73653.0
2021-08-06,71.57,318.61,33.38,73723.0
2021-08-09,68.78,324.2,33.345,73964.0
2021-08-10,70.0,329.47,33.345,74205.0
2021-08-11,70.19,329.18,33.78,74357.0
2021-08-12,71.29,328.82,33.965,73959.0
2021-08-13,71.11,328.72,33.605,73815.0
2021-08-16,69.46,329.4,33.515,73751.0
2021-08-17,69.46,333.84,33.835,73830.0
2021-08-18,69.41,336.68,34.13,73964.0
2021-08-19,66.76,331.15,33.695,74436.0
2021-08-20,66.13,327.56,33.225,74698.0
2021-08-23,67.22,328.52,33.805,74426.0
2021-08-24,69.75,326.29,33.735,74206.0
2021-08-25,71.23,323.49,33.635,74129.0
2021-08-26,71.73,322.9,33.335,74400.0
2021-08-27,71.88,324.49,33.23,74165.0
2021-08-30,72.45,328.06,33.655,73780.0
2021-08-31,73.07,328.82,33.795,73521.0
2021-09-01,72.98,331.06,33.855,73293.0
2021-09-02,72.2,331.59,34.06,73011.0
2021-09-03,73.21,328.34,33.75,72893.0
2021-09-06,72.32,329.9,33.65,73064.0
2021-09-07,72.01,326.71,33.59,73325.0
2021-09-08,72.21,328.96,33.555,73457.0
2021-09-09,72.45,327.91,33.23,73144.0
2021-09-10,72.28,326.78,33.015,72929.0
2021-09-13,73.45,325.88,33.445,72999.0
2021-09-14,73.92,327.43,33.15,72819.0
2021-09-15,74.78,331.42,33.255,72751.0
2021-09-16,75.22,328.11,33.235,72414.0
2021-09-17,75.25,330.17,33.01,73769.0
2021-09-20,74.49,326.74,32.505,74437.0
2021-09-21,74.27,324.95,32.595,74390.0
2021-09-22,75.19,326.26,32.72,73959.0
2021-09-23,76.26,326.98,32.95,73886.0
2021-09-24,77.41,324.97,32.87,73991.0
2021-09-27,79.09,329.82,33.36,73663.0
2021-09-28,79.79,331.21,34.325,73688.0
2021-09-29,78.51,328.76,35.08,73819.0
2021-09-30,78.31,336.36,36.4,73798.0
2021-10-01,78.54,337.26,36.465,73924.0
2021-10-04,80.33,343.99,36.38,73716.0
2021-10-05,82.15,355.05,37.055,73494.0
2021-10-06,82.17,365.74,37.32,73474.0
2021-10-07,80.59,369.42,36.555,73040.0
2021-10-08,82.8,371.25,36.58,72757.0
2021-10-11,83.65,383.41,36.795,72575.0
2021-10-12,83.66,381.61,36.84,72745.0
2021-10-13,83.0,376.34,36.655,72749.0
2021-10-14,83.85,377.95,37.03,72517.0
2021-10-15,84.62,372.88,37.205,72028.0
2021-10-18,85.27,365.61,37.535,72006.0
2021-10-19,84.56,367.95,37.18,71735.0
2021-10-20,84.67,369.42,37.355,71744.0
2021-10-21,84.9,366.92,36.89,71838.0
2021-10-22,84.78,366.63,36.415,71284.0
2021-10-25,86.11,367.99,36.175,70779.0
2021-10-26,85.93,370.12,36.395,70241.0
2021-10-27,85.44,370.23,36.145,70804.0
2021-10-28,83.83,366.65,34.935,71099.0
2021-10-29,84.22,357.76,34.045,71251.0
2021-11-01,84.4,364.61,34.135,71663.0
2021-11-02,84.57,370.63,34.095,72281.0
2021-11-03,83.22,367.75,33.435,72378.0
2021-11-05,81.45,362.61,33.47,72183.0
2021-11-08,83.32,359.34,34.25,71875.0
2021-11-09,83.71,359.75,33.925,71539.0
2021-11-10,84.73,353.48,34.155,71268.0
2021-11-11,82.85,353.7,37.975,71629.0
2021-11-12,82.12,346.56,45.055,72531.0
2021-11-15,81.43,346.78,45.095,72978.0
2021-11-16,82.22,339.49,44.415,73368.0
2021-11-17,81.99,340.38,44.845,73208.0
2021-11-18,80.36,338.71,42.305,73285.0
2021-11-19,79.82,330.62,41.055,73584.0
2021-11-22,78.84,315.59,40.325,74532.0
2021-11-23,79.88,315.61,40.175,75261.0
2021-11-24,82.25,321.87,41.005,74876.0
2021-11-25,82.18,319.08,40.555,75015.0
2021-11-26,77.72,307.15,39.195,75758.0
2021-11-29,74.96,316.35,38.83,75140.0
2021-11-30,72.39,315.9,37.145,74876.0
2021-12-01,70.56,325.26,37.4,74222.0
2021-12-02,68.95,324.85,38.14,74123.0
2021-12-03,70.99,323.55,38.98,73840.0
2021-12-06,71.24,309.99,38.505,73934.0
2021-12-07,74.28,305.91,39.385,74439.0
2021-12-08,75.55,300.82,38.735,73946.0
2021-12-09,75.58,300.72,38.995,73737.0
2021-12-10,74.79,298.3,38.35,73590.0
2021-12-13,75.06,287.96,37.51,73489.0
2021-12-14,74.23,278.94,36.455,73576.0
2021-12-15,73.08,283.68,40.42,73841.0
2021-12-16,74.2,294.25,40.29,73876.0
2021-12-17,74.22,294.66,39.865,75312.0
2021-12-20,71.15,288.26,38.275,75727.0
2021-12-21,71.68,289.75,38.99,75444.0
2021-12-22,74.03,293.84,39.6,75269.0
2021-12-23,75.27,294.05,39.085,74892.0
2021-12-24,76.3,292.11,38.505,74785.0
2021-12-27,76.47,294.82,38.235,74791.0
2021-12-28,79.04,295.8,39.245,74947.0
2021-12-29,78.99,293.09,39.355,75162.0
2021-12-30,78.86,293.27,39.805,75787.0
2022-01-03,79.24,301.23,39.72,75708.0
2022-01-04,79.4,305.56,40.04,76192.0
2022-01-05,80.39,296.22,39.695,76766.0
2022-01-06,81.51,291.36,39.02,77737.0
2022-01-07,82.34,291.36,39.02,77001.0
2022-01-10,81.63,293.02,39.475,76316.0
2022-01-11,81.71,290.93,39.96,76097.0
2022-01-12,83.88,289.34,40.53,75672.0
2022-01-13,84.71,278.93,38.995,76425.0
2022-01-14,84.92,260.53,37.63,77362.0
2022-01-17,85.96,254.33,38.44,77420.0
2022-01-18,87.41,239.14,36.455,77486.0
2022-01-19,87.98,239.98,36.705,77615.0
2022-01-20,88.23,251.75,36.6,77502.0
2022-01-21,87.55,251.54,35.935,77685.0
2022-01-24,87.28,235.14,34.31,79374.0
2022-01-25,86.61,237.1,34.41,79836.0
2022-01-26,89.05,238.78,34.55,80081.0
2022-01-27,90.27,249.22,35.51,79830.0
2022-01-28,90.15,257.29,35.865,78783.0
2022-01-31,90.72,265.34,36.44,78551.0
2022-02-01,91.26,265.65,36.195,77791.0
2022-02-02,89.39,260.06,36.075,77183.0
2022-02-03,88.88,253.11,35.65,77252.0
2022-02-04,91.92,255.56,35.98,76906.0
2022-02-07,92.96,256.87,36.03,76421.0
2022-02-08,91.56,265.02,36.365,76002.0
2022-02-09,90.79,276.79,36.8,75504.0
2022-02-10,91.85,277.38,36.595,75294.0
2022-02-11,91.97,267.35,35.56,75888.0
2022-02-14,94.31,252.85,35.155,77464.0
2022-02-15,94.27,267.15,35.9,76628.0
2022-02-16,94.09,277.43,35.87,75756.0
2022-02-17,93.7,265.71,35.16,76472.0
2022-02-18,91.84,255.14,34.39,76615.0
2022-02-21,93.58,219.98,30.73,78303.0
2022-02-22,97.32,199.43,28.605,80060.0
2022-02-23,96.9,199.43,28.605,80049.0
2022-02-24,100.41,118.5,20.425,84816.0
2022-02-25,100.28,130.63,22.96,84541.0
2022-02-28,96.66,130.63,22.96,83313.0
2022-03-01,96.66,130.63,22.96,83313.0
2022-03-02,107.15,130.63,22.96,103292.0
2022-03-03,112.8,130.63,22.96,106623.0
2022-03-04,110.15,130.63,22.96,106655.0
2022-03-09,125.09,130.63,22.96,117713.0
2022-03-10,114.0,130.63,22.96,118666.0
2022-03-11,108.43,130.63,22.96,115783.0
2022-03-14,105.21,130.63,22.96,112781.0
2022-03-15,99.34,130.63,22.96,111096.0
2022-03-16,98.3,130.63,22.96,107988.0
2022-03-17,99.49,130.63,22.96,104207.0
2022-03-18,104.13,130.63,22.96,108739.0
2022-03-21,107.52,130.63,22.96,109088.0
2022-03-22,112.8,130.63,22.96,108129.0
2022-03-23,118.23,130.63,22.96,106146.0
2022-03-24,121.21,142.04,25.19,100902.0
2022-03-25,117.51,133.97,23.56,99878.0
2022-03-28,115.37,126.58,22.58,96832.0
2022-03-29,110.11,130.88,21.905,89695.0
2022-03-30,111.45,133.26,22.375,87971.0
2022-03-31,107.77,140.83,24.7,87242.0
2022-04-01,107.44,151.26,26.55,87064.0
2022-04-04,105.77,160.62,27.87,86968.0
2022-04-05,107.54,158.93,26.855,86551.0
2022-04-06,105.66,147.32,26.575,84897.0
2022-04-07,101.52,146.23,26.1,79221.0
2022-04-08,98.84,145.35,25.77,76816.0
2022-04-11,97.05,142.24,26.015,81456.0
2022-04-12,100.79,133.54,25.195,82060.0
2022-04-13,103.62,135.13,25.91,82231.0
2022-04-14,104.51,131.95,25.5,83398.0
2022-04-15,108.16,128.82,24.6,82017.0
2022-04-18,108.38,126.82,24.03,81300.0
2022-04-19,107.01,119.58,23.005,80645.0
2022-04-20,106.66,122.13,22.785,79089.0
2022-04-21,106.61,119.64,23.05,76610.0
2022-04-22,105.48,118.48,22.81,75697.0
2022-04-25,101.39,113.05,22.0,75161.0
2022-04-26,102.35,117.83,22.64,74498.0
2022-04-27,103.54,128.44,23.66,74617.0
2022-04-28,104.5,129.45,23.795,73952.0
2022-04-29,107.81,126.79,23.58,72608.0
2022-05-04,109.33,125.45,23.41,70410.0
2022-05-05,111.21,124.26,23.275,67689.0
2022-05-06,111.78,122.82,23.57,69323.0
2022-05-11,105.84,123.94,23.675,69259.0
2022-05-12,106.15,121.14,23.015,66314.0
2022-05-13,109.52,120.14,22.22,65150.0
2022-05-16,110.46,122.24,22.49,64438.0
2022-05-17,114.47,126.02,22.95,64642.0
2022-05-18,112.07,128.66,23.895,64524.0
2022-05-19,108.03,125.06,23.5,63315.0
2022-05-20,111.59,123.38,23.175,60678.0
2022-05-23,112.73,120.76,22.425,59900.0
2022-05-24,111.98,121.05,22.225,58732.0
2022-05-25,113.18,123.21,22.42,59378.0
2022-05-26,113.87,123.89,23.02,63830.0
2022-05-27,116.29,121.83,23.15,66897.0
2022-05-30,118.96,121.64,22.93,63947.0
2022-05-31,123.04,118.65,22.19,62638.0
2022-06-01,122.74,120.97,22.11,62135.0
2022-06-02,115.44,119.87,22.1,62392.0
2022-06-03,118.07,118.43,21.82,62401.0
2022-06-06,120.19,119.03,21.53,61544.0
2022-06-07,120.03,118.04,21.315,61235.0
2022-06-08,122.0,120.53,21.945,60367.0
2022-06-09,123.45,118.39,22.015,59196.0
2022-06-10,122.8,118.49,22.025,58164.0
2022-06-14,124.09,118.19,21.755,56899.0
2022-06-15,121.67,120.46,21.735,56681.0
2022-06-16,118.86,122.4,22.71,56801.0
2022-06-17,119.08,124.08,22.86,61775.0
2022-06-20,115.01,127.25,22.965,61220.0
2022-06-21,116.75,129.37,22.84,60341.0
2022-06-22,111.32,129.8,22.535,58972.0
2022-06-23,112.04,136.07,22.4,58144.0
2022-06-24,112.53,136.7,22.495,58215.0
2022-06-27,114.35,140.26,22.61,57172.0
2022-06-28,116.91,139.91,25.445,55415.0
2022-06-29,118.48,136.26,26.055,54189.0
2022-06-30,115.43,128.56,24.485,55431.0
2022-07-01,114.85,128.78,25.805,57328.0
2022-07-04,113.33,130.07,25.555,57791.0
2022-07-05,110.23,133.59,26.575,61476.0
2022-07-06,103.55,135.35,26.64,64343.0
2022-07-07,104.06,133.23,26.03,64073.0
2022-07-08,105.81,132.33,25.8,62629.0
2022-07-11,105.66,129.42,25.305,62524.0
2022-07-12,103.3,127.09,24.66,60094.0
2022-07-13,100.76,127.1,24.565,60476.0
2022-07-14,98.47,126.46,24.36,60137.0
2022-07-15,101.52,127.36,24.115,59515.0
2022-07-18,104.74,128.54,24.5,58223.0
2022-07-19,105.46,126.67,23.79,57502.0
2022-07-20,106.31,128.02,24.415,56436.0
2022-07-21,104.0,124.44,25.81,58284.0
2022-07-22,103.85,127.68,26.36,59180.0
2022-07-25,103.74,130.02,26.56,59534.0
2022-07-26,106.14,132.55,26.775,61175.0
2022-07-27,105.28,133.25,26.405,62023.0
2022-07-28,107.66,131.44,25.88,62406.0
2022-07-29,108.94,131.61,27.5,63382.0
2022-08-01,109.95,129.34,28.085,62900.0
2022-08-02,100.87,127.22,27.045,61627.0
2022-08-03,100.83,127.78,26.485,61619.0
2022-08-04,97.19,127.12,26.485,61669.0
2022-08-05,96.08,123.91,25.805,62188.0
2022-08-08,96.13,125.1,26.04,61674.0
2022-08-09,97.68,124.25,26.06,62003.0
2022-08-10,96.16,126.03,26.99,61893.0
2022-08-11,98.12,125.12,26.59,61942.0
2022-08-12,99.01,124.06,26.535,61890.0
2022-08-15,96.17,124.23,26.215,62303.0
2022-08-16,95.49,126.03,26.365,62098.0
2022-08-17,93.88,125.69,26.33,61314.0
2022-08-18,95.52,125.48,25.96,60465.0
2022-08-19,96.7,125.27,25.715,59475.0
2022-08-22,95.96,125.84,25.9,60227.0
2022-08-23,98.43,129.23,25.995,60341.0
2022-08-24,100.71,129.64,25.5,60440.0
2022-08-25,101.42,128.38,24.865,60436.0
2022-08-26,100.09,129.29,24.88,60543.0
2022-08-29,102.18,130.59,25.03,60775.0
2022-08-30,103.0,131.29,25.04,60803.0
2022-08-31,98.54,134.45,25.23,60410.0
2022-09-01,96.51,134.81,25.43,60549.0
2022-09-02,97.1,141.39,26.985,60752.0
2022-09-05,97.86,141.21,26.97,61113.0
2022-09-06,96.19,138.34,26.655,61118.0
2022-09-07,93.87,137.26,25.975,61292.0
2022-09-08,91.53,135.59,25.865,60907.0
2022-09-09,92.77,136.35,26.355,60549.0
2022-09-12,94.57,138.85,26.44,60420.0
2022-09-13,94.67,137.63,26.225,60074.0
2022-09-14,94.12,136.85,25.855,59859.0
2022-09-15,93.78,138.95,26.49,59733.0
2022-09-16,92.25,139.04,26.095,61776.0
2022-09-19,91.3,137.96,25.925,61418.0
2022-09-20,92.13,129.8,24.165,61774.0
2022-09-21,92.66,119.5,21.54,62999.0
2022-09-22,91.48,123.95,22.015,61413.0
2022-09-23,89.05,120.03,21.155,59737.0
2022-09-26,86.92,111.8,18.115,59328.0
2022-09-27,86.19,110.19,17.75,59544.0
2022-09-28,87.14,111.85,18.32,59478.0
2022-09-29,89.16,109.81,17.725,57917.0
2022-09-30,88.86,109.08,17.795,55630.0
2022-10-03,87.96,111.96,18.48,57876.0
2022-10-04,91.76,112.14,18.79,58227.0
2022-10-05,93.48,108.13,18.75,58968.0
2022-10-06,94.49,108.81,18.83,59710.0
2022-10-07,95.83,105.08,18.055,60093.0
2022-10-10,97.62,103.01,18.075,59725.0
2022-10-11,95.56,106.71,18.525,60385.0
2022-10-12,94.68,106.48,18.55,59581.0
2022-10-13,93.66,106.14,18.745,60904.0
2022-10-14,94.67,107.14,18.64,61028.0
2022-10-17,93.32,110.58,19.205,60096.0
2022-10-18,92.17,112.6,19.44,60124.0
2022-10-19,91.48,110.79,18.785,60046.0
2022-10-20,93.85,115.29,19.11,60390.0
2022-10-21,93.16,117.18,19.315,60274.0
2022-10-24,93.33,119.39,19.69,60707.0
2022-10-25,93.57,122.54,20.475,60964.0
2022-10-26,94.6,124.34,20.665,61189.0
2022-10-27,96.29,126.25,21.005,61174.0
2022-10-28,96.26,126.12,21.305,61703.0
2022-10-31,95.07,126.81,21.66,61617.0
2022-11-01,94.71,127.07,22.075,61228.0
2022-11-02,96.01,126.61,21.98,61652.0
2022-11-03,95.99,125.07,21.485,61974.0
2022-11-07,98.07,129.58,22.065,61217.0
2022-11-08,98.4,131.3,21.995,61042.0
2022-11-09,96.25,129.19,21.67,61401.0
2022-11-10,94.13,133.86,21.715,61162.0
2022-11-11,96.3,136.62,21.955,60665.0
2022-11-14,96.12,138.85,22.12,60819.0
2022-11-15,93.86,136.78,21.49,60624.0
2022-11-16,94.33,138.26,21.62,60652.0
2022-11-17,92.87,138.32,21.68,60796.0
2022-11-18,90.23,136.47,21.685,60906.0
2022-11-21,87.42,133.98,21.34,61064.0
2022-11-22,88.25,134.99,21.41,60895.0
2022-11-23,88.1,136.35,21.415,60893.0
2022-11-24,86.51,137.44,21.955,60922.0
2022-11-25,87.08,136.14,21.825,60795.0
2022-11-28,83.68,135.17,21.65,61123.0
2022-11-29,85.22,136.58,21.815,61220.0
2022-11-30,84.53,135.91,21.655,61071.0
2022-12-01,85.32,136.98,21.74,61350.0
2022-12-02,89.03,136.63,22.82,61868.0
2022-12-05,89.31,140.73,23.09,62346.0
2022-12-06,87.01,141.24,22.655,62896.0
2022-12-07,83.78,140.53,22.475,63024.0
2022-12-08,82.19,141.29,22.82,62637.0
2022-12-09,81.01,140.0,22.5,62491.0
2022-12-12,79.85,139.63,22.38,62790.0
2022-12-13,81.61,138.01,22.545,63177.0
2022-12-14,82.45,137.43,22.415,63564.0
2022-12-15,83.25,135.52,22.085,64252.0
2022-12-16,81.49,135.32,21.885,65011.0
2022-12-19,80.89,134.67,22.03,66941.0
2022-12-20,81.05,136.95,22.105,68469.0
2022-12-21,81.82,137.74,22.445,69765.0
2022-12-22,83.98,138.07,22.54,70041.0
2022-12-23,83.48,137.56,22.09,68024.0
2022-12-26,84.45,139.99,22.045,68190.0
2022-12-27,84.96,140.83,22.085,69336.0
2022-12-28,84.29,139.46,21.75,70990.0
2022-12-29,82.8,140.77,21.71,71412.0
2022-12-30,82.28,140.87,21.67,70700.0
2023-01-03,88.24,142.2,21.84,71045.0
2023-01-04,85.51,141.38,21.795,72028.0
2023-01-05,83.5,141.21,21.735,72288.0
2023-01-06,83.37,141.19,21.71,72177.0
2023-01-09,84.12,142.46,21.605,70736.0
2023-01-10,83.22,142.05,21.44,70227.0
2023-01-11,83.54,146.97,21.665,69539.0
2023-01-12,85.48,149.23,21.705,68451.0
2023-01-13,86.48,151.11,21.705,68692.0
2023-01-16,87.21,153.03,22.26,69137.0
2023-01-17,87.36,151.54,22.335,69513.0
2023-01-18,88.69,151.68,22.17,69395.0
2023-01-19,87.15,150.1,21.84,69412.0
2023-01-20,87.64,149.91,21.725,69304.0
2023-01-23,88.8,153.15,21.855,69215.0
2023-01-24,88.85,154.02,21.845,69586.0
2023-01-25,87.21,152.47,21.7,69721.0
2023-01-26,87.45,153.08,21.735,69719.0
2023-01-27,88.5,152.79,22.86,69958.0
2023-01-30,86.6,153.04,23.2,70411.0
2023-01-31,85.06,155.69,23.18,71119.0
2023-02-01,84.57,158.01,22.98,70766.0
2023-02-02,86.13,159.13,23.335,70758.0
2023-02-03,85.34,159.94,23.145,71178.0
2023-02-06,83.61,164.64,23.37,71357.0
2023-02-07,83.87,165.61,23.68,71629.0
2023-02-08,85.24,164.53,23.32,72173.0
2023-02-09,86.18,164.26,23.13,73048.0
2023-02-10,86.98,165.53,23.115,72725.0
2023-02-13,87.3,165.56,23.19,73193.0
2023-02-14,86.86,162.74,22.77,72904.0
2023-02-15,85.91,158.1,21.9,73321.0
2023-02-16,86.3,157.91,21.615,74201.0
2023-02-17,84.51,158.98,21.65,73837.0
2023-02-20,84.05,158.69,22.06,73378.0
2023-02-21,83.91,163.32,22.325,73975.0
2023-02-22,82.97,163.36,22.435,74309.0
2023-02-24,82.45,164.33,22.245,74908.0
2023-02-27,82.99,167.59,22.37,74325.0
2023-02-28,83.01,170.01,22.77,73954.0
2023-03-01,83.9,170.46,22.865,74451.0
2023-03-02,85.65,168.63,22.47,75078.0
2023-03-03,85.6,169.78,22.535,74985.0
2023-03-06,86.52,172.05,22.7,75108.0
2023-03-07,87.11,172.84,22.695,75321.0
2023-03-09,85.31,173.44,22.53,75692.0
2023-03-10,83.6,171.87,22.335,75888.0
2023-03-13,82.62,171.68,22.28,75349.0
2023-03-14,81.26,174.67,22.295,75187.0
2023-03-15,77.89,175.32,22.14,75769.0
2023-03-16,74.83,174.64,22.21,76356.0
2023-03-17,75.53,186.71,22.445,76427.0
2023-03-20,73.06,199.78,23.015,77113.0
2023-03-21,74.38,204.85,23.23,76903.0
2023-03-22,75.26,202.88,23.0,77180.0
2023-03-23,76.36,203.2,23.095,76370.0
2023-03-24,74.81,203.04,23.075,76455.0
2023-03-27,75.68,208.73,23.76,76698.0
2023-03-28,77.97,212.8,23.59,76882.0
2023-03-29,78.78,217.01,23.67,77200.0
2023-03-30,78.35,217.29,23.765,77230.0
2023-03-31,79.08,214.32,23.515,77742.0
2023-04-03,79.77,216.61,23.98,78219.0
2023-04-04,86.65,215.77,24.78,79398.0
2023-04-05,86.47,214.21,24.71,79798.0
2023-04-06,86.44,215.69,25.15,80745.0
2023-04-07,86.58,215.3,25.05,81717.0
2023-04-10,86.22,219.94,25.12,81198.0
2023-04-11,85.34,220.66,25.195,81885.0
2023-04-12,86.72,218.33,24.695,81904.0
2023-04-13,87.67,219.08,24.6,81244.0
2023-04-14,86.73,220.5,24.615,81149.0
2023-04-17,86.2,225.35,24.905,80881.0
2023-04-18,85.27,229.67,25.11,80640.0
2023-04-19,84.56,234.17,24.955,80795.0
2023-04-20,82.95,233.61,25.0,80837.0
2023-04-21,82.25,236.14,25.995,80654.0
2023-04-24,82.23,235.3,26.075,80303.0
2023-04-25,82.46,235.02,25.75,80570.0
2023-04-26,80.8,235.41,25.295,80604.0
2023-04-27,78.66,238.73,25.375,80554.0
2023-04-28,78.81,239.85,25.21,79299.0
2023-05-02,79.53,242.47,24.73,78690.0
2023-05-03,76.51,239.18,23.915,78201.0
2023-05-04,75.43,238.09,23.505,77247.0
2023-05-05,76.17,239.36,23.48,76068.0
2023-05-08,77.37,238.6,23.24,76665.0
2023-05-10,77.4,221.51,23.57,75920.0
2023-05-11,76.86,230.78,24.025,76099.0
2023-05-12,75.78,228.83,23.88,77335.0
2023-05-15,75.35,230.07,24.82,78908.0
2023-05-16,75.97,230.53,25.065,79683.0
2023-05-17,75.79,229.8,24.875,80063.0
2023-05-18,77.08,232.32,24.56,79519.0
2023-05-19,76.87,231.03,24.365,79596.0
2023-05-22,75.89,231.15,24.16,79646.0
2023-05-23,76.9,233.78,24.15,79957.0
2023-05-24,78.24,240.86,24.28,79841.0
2023-05-25,77.56,244.66,24.2,79906.0
2023-05-26,76.74,246.58,24.275,79889.0
2023-05-29,77.08,250.27,24.6,80255.0
2023-05-30,75.51,247.59,24.475,80730.0
2023-05-31,72.93,244.05,24.35,80945.0
